building_type,vintage,ashrae_climate,economizer_type,sensible_heat_recovery_effectiveness,latent_heat_recovery_effectiveness,demand_controlled_ventilation,daylight_dimming,heating_cop,cooling_eer,fan_power,pump_power
ACCOMODATION_APARTMENT_HIGHRISE,ASHRAE_901_2004,1,NO_ECONOMIZER,0.114285714,0.057142857,False,False,1.857142857,2.5,1.445798319,0.35
ACCOMODATION_APARTMENT_HIGHRISE,ASHRAE_901_2004,2,NO_ECONOMIZER,0.114285714,0.057142857,False,False,1.734693878,2.806122449,1.445798319,0.35
ACCOMODATION_APARTMENT_HIGHRISE,ASHRAE_901_2004,3,DIFFERENTIAL_DRY_BULB,0.114285714,0.057142857,False,False,1.612244898,3.112244898,1.445798319,0.35
ACCOMODATION_APARTMENT_HIGHRISE,ASHRAE_901_2004,4,DIFFERENTIAL_DRY_BULB,0.114285714,0.057142857,False,False,1.489795918,3.418367347,1.445798319,0.35
ACCOMODATION_APARTMENT_HIGHRISE,ASHRAE_901_2004,5,DIFFERENTIAL_DRY_BULB,0.114285714,0.057142857,False,False,1.367346939,3.724489796,1.445798319,0.35
ACCOMODATION_APARTMENT_HIGHRISE,ASHRAE_901_2004,6,DIFFERENTIAL_DRY_BULB,0.114285714,0.057142857,False,False,1.244897959,4.030612245,1.445798319,0.35
ACCOMODATION_APARTMENT_HIGHRISE,ASHRAE_901_2004,7,DIFFERENTIAL_DRY_BULB,0.114285714,0.057142857,False,False,1.12244898,4.336734694,1.445798319,0.35
ACCOMODATION_APARTMENT_HIGHRISE,ASHRAE_901_2004,8,DIFFERENTIAL_DRY_BULB,0.114285714,0.057142857,False,False,1.0,4.642857143,1.445798319,0.35
ACCOMODATION_APARTMENT_HIGHRISE,ASHRAE_901_2007,1,NO_ECONOMIZER,0.171428571,0.085714286,True,False,2.285714286,2.5,1.396638655,0.35
ACCOMODATION_APARTMENT_HIGHRISE,ASHRAE_901_2007,2,NO_ECONOMIZER,0.171428571,0.085714286,True,False,2.102040816,2.959183673,1.396638655,0.35
ACCOMODATION_APARTMENT_HIGHRISE,ASHRAE_901_2007,3,DIFFERENTIAL_DRY_BULB,0.171428571,0.085714286,True,False,1.918367347,3.418367347,1.396638655,0.35
ACCOMODATION_APARTMENT_HIGHRISE,ASHRAE_901_2007,4,DIFFERENTIAL_DRY_BULB,0.171428571,0.085714286,True,False,1.734693878,3.87755102,1.396638655,0.35
ACCOMODATION_APARTMENT_HIGHRISE,ASHRAE_901_2007,5,DIFFERENTIAL_DRY_BULB,0.171428571,0.085714286,True,False,1.551020408,4.336734694,1.396638655,0.35
ACCOMODATION_APARTMENT_HIGHRISE,ASHRAE_901_2007,6,DIFFERENTIAL_DRY_BULB,0.171428571,0.085714286,True,False,1.367346939,4.795918367,1.396638655,0.35
ACCOMODATION_APARTMENT_HIGHRISE,ASHRAE_901_2007,7,DIFFERENTIAL_DRY_BULB,0.171428571,0.085714286,True,False,1.183673469,5.255102041,1.396638655,0.35
ACCOMODATION_APARTMENT_HIGHRISE,ASHRAE_901_2007,8,DIFFERENTIAL_DRY_BULB,0.171428571,0.085714286,True,False,1.0,5.714285714,1.396638655,0.35
ACCOMODATION_APARTMENT_HIGHRISE,ASHRAE_901_2010,1,NO_ECONOMIZER,0.228571429,0.114285714,True,False,2.714285714,2.5,1.347478992,0.35
ACCOMODATION_APARTMENT_HIGHRISE,ASHRAE_901_2010,2,NO_ECONOMIZER,0.228571429,0.114285714,True,False,2.469387755,3.112244898,1.347478992,0.35
ACCOMODATION_APARTMENT_HIGHRISE,ASHRAE_901_2010,3,DIFFERENTIAL_DRY_BULB,0.228571429,0.114285714,True,False,2.224489796,3.724489796,1.347478992,0.35
ACCOMODATION_APARTMENT_HIGHRISE,ASHRAE_901_2010,4,DIFFERENTIAL_DRY_BULB,0.228571429,0.114285714,True,False,1.979591837,4.336734694,1.347478992,0.35
ACCOMODATION_APARTMENT_HIGHRISE,ASHRAE_901_2010,5,DIFFERENTIAL_DRY_BULB,0.228571429,0.114285714,True,False,1.734693878,4.948979592,1.347478992,0.35
ACCOMODATION_APARTMENT_HIGHRISE,ASHRAE_901_2010,6,DIFFERENTIAL_DRY_BULB,0.228571429,0.114285714,True,False,1.489795918,5.56122449,1.347478992,0.35
ACCOMODATION_APARTMENT_HIGHRISE,ASHRAE_901_2010,7,DIFFERENTIAL_DRY_BULB,0.228571429,0.114285714,True,False,1.244897959,6.173469388,1.347478992,0.35
ACCOMODATION_APARTMENT_HIGHRISE,ASHRAE_901_2010,8,DIFFERENTIAL_DRY_BULB,0.228571429,0.114285714,True,False,1.0,6.785714286,1.347478992,0.35
ACCOMODATION_APARTMENT_HIGHRISE,ASHRAE_901_2013,1,NO_ECONOMIZER,0.285714286,0.142857143,True,False,3.142857143,2.5,1.298319328,0.35
ACCOMODATION_APARTMENT_HIGHRISE,ASHRAE_901_2013,2,NO_ECONOMIZER,0.285714286,0.142857143,True,False,2.836734694,3.265306122,1.298319328,0.35
ACCOMODATION_APARTMENT_HIGHRISE,ASHRAE_901_2013,3,DIFFERENTIAL_DRY_BULB,0.285714286,0.142857143,True,False,2.530612245,4.030612245,1.298319328,0.35
ACCOMODATION_APARTMENT_HIGHRISE,ASHRAE_901_2013,4,DIFFERENTIAL_DRY_BULB,0.285714286,0.142857143,True,False,2.224489796,4.795918367,1.298319328,0.35
ACCOMODATION_APARTMENT_HIGHRISE,ASHRAE_901_2013,5,DIFFERENTIAL_DRY_BULB,0.285714286,0.142857143,True,False,1.918367347,5.56122449,1.298319328,0.35
ACCOMODATION_APARTMENT_HIGHRISE,ASHRAE_901_2013,6,DIFFERENTIAL_DRY_BULB,0.285714286,0.142857143,True,False,1.612244898,6.326530612,1.298319328,0.35
ACCOMODATION_APARTMENT_HIGHRISE,ASHRAE_901_2013,7,DIFFERENTIAL_DRY_BULB,0.285714286,0.142857143,True,False,1.306122449,7.091836735,1.298319328,0.35
ACCOMODATION_APARTMENT_HIGHRISE,ASHRAE_901_2013,8,DIFFERENTIAL_DRY_BULB,0.285714286,0.142857143,True,False,1.0,7.857142857,1.298319328,0.35
ACCOMODATION_APARTMENT_HIGHRISE,ASHRAE_901_2016,1,NO_ECONOMIZER,0.342857143,0.171428571,True,False,3.571428571,2.5,1.249159664,0.35
ACCOMODATION_APARTMENT_HIGHRISE,ASHRAE_901_2016,2,NO_ECONOMIZER,0.342857143,0.171428571,True,False,3.204081633,3.418367347,1.249159664,0.35
ACCOMODATION_APARTMENT_HIGHRISE,ASHRAE_901_2016,3,DIFFERENTIAL_DRY_BULB,0.342857143,0.171428571,True,False,2.836734694,4.336734694,1.249159664,0.35
ACCOMODATION_APARTMENT_HIGHRISE,ASHRAE_901_2016,4,DIFFERENTIAL_DRY_BULB,0.342857143,0.171428571,True,False,2.469387755,5.255102041,1.249159664,0.35
ACCOMODATION_APARTMENT_HIGHRISE,ASHRAE_901_2016,5,DIFFERENTIAL_DRY_BULB,0.342857143,0.171428571,True,False,2.102040816,6.173469388,1.249159664,0.35
ACCOMODATION_APARTMENT_HIGHRISE,ASHRAE_901_2016,6,DIFFERENTIAL_DRY_BULB,0.342857143,0.171428571,True,False,1.734693878,7.091836735,1.249159664,0.35
ACCOMODATION_APARTMENT_HIGHRISE,ASHRAE_901_2016,7,DIFFERENTIAL_DRY_BULB,0.342857143,0.171428571,True,False,1.367346939,8.010204082,1.249159664,0.35
ACCOMODATION_APARTMENT_HIGHRISE,ASHRAE_901_2016,8,DIFFERENTIAL_DRY_BULB,0.342857143,0.171428571,True,False,1.0,8.928571429,1.249159664,0.35
ACCOMODATION_APARTMENT_HIGHRISE,ASHRAE_901_2019,1,NO_ECONOMIZER,0.4,0.2,True,False,4.0,2.5,1.2,0.35
ACCOMODATION_APARTMENT_HIGHRISE,ASHRAE_901_2019,2,NO_ECONOMIZER,0.4,0.2,True,False,3.571428571,3.571428571,1.2,0.35
ACCOMODATION_APARTMENT_HIGHRISE,ASHRAE_901_2019,3,DIFFERENTIAL_DRY_BULB,0.4,0.2,True,False,3.142857143,4.642857143,1.2,0.35
ACCOMODATION_APARTMENT_HIGHRISE,ASHRAE_901_2019,4,DIFFERENTIAL_DRY_BULB,0.4,0.2,True,False,2.714285714,5.714285714,1.2,0.35
ACCOMODATION_APARTMENT_HIGHRISE,ASHRAE_901_2019,5,DIFFERENTIAL_DRY_BULB,0.4,0.2,True,False,2.285714286,6.785714286,1.2,0.35
ACCOMODATION_APARTMENT_HIGHRISE,ASHRAE_901_2019,6,DIFFERENTIAL_DRY_BULB,0.4,0.2,True,False,1.857142857,7.857142857,1.2,0.35
ACCOMODATION_APARTMENT_HIGHRISE,ASHRAE_901_2019,7,DIFFERENTIAL_DRY_BULB,0.4,0.2,True,False,1.428571429,8.928571429,1.2,0.35
ACCOMODATION_APARTMENT_HIGHRISE,ASHRAE_901_2019,8,DIFFERENTIAL_DRY_BULB,0.4,0.2,True,False,1.0,10.0,1.2,0.35
ACCOMODATION_APARTMENT_HIGHRISE,CBECS_1980_2004,1,NO_ECONOMIZER,0.057142857,0.028571429,False,False,1.428571429,2.5,1.494957983,0.35
ACCOMODATION_APARTMENT_HIGHRISE,CBECS_1980_2004,2,NO_ECONOMIZER,0.057142857,0.028571429,False,False,1.367346939,2.653061224,1.494957983,0.35
ACCOMODATION_APARTMENT_HIGHRISE,CBECS_1980_2004,3,NO_ECONOMIZER,0.057142857,0.028571429,False,False,1.306122449,2.806122449,1.494957983,0.35
ACCOMODATION_APARTMENT_HIGHRISE,CBECS_1980_2004,4,NO_ECONOMIZER,0.057142857,0.028571429,False,False,1.244897959,2.959183673,1.494957983,0.35
ACCOMODATION_APARTMENT_HIGHRISE,CBECS_1980_2004,5,NO_ECONOMIZER,0.057142857,0.028571429,False,False,1.183673469,3.112244898,1.494957983,0.35
ACCOMODATION_APARTMENT_HIGHRISE,CBECS_1980_2004,6,NO_ECONOMIZER,0.057142857,0.028571429,False,False,1.12244898,3.265306122,1.494957983,0.35
ACCOMODATION_APARTMENT_HIGHRISE,CBECS_1980_2004,7,NO_ECONOMIZER,0.057142857,0.028571429,False,False,1.06122449,3.418367347,1.494957983,0.35
ACCOMODATION_APARTMENT_HIGHRISE,CBECS_1980_2004,8,NO_ECONOMIZER,0.057142857,0.028571429,False,False,1.0,3.571428571,1.494957983,0.35
ACCOMODATION_APARTMENT_HIGHRISE,CBECS_PRE_1980,1,NO_ECONOMIZER,0.0,0.0,False,False,1.0,2.5,1.544117647,0.35
ACCOMODATION_APARTMENT_HIGHRISE,CBECS_PRE_1980,2,NO_ECONOMIZER,0.0,0.0,False,False,1.0,2.5,1.544117647,0.35
ACCOMODATION_APARTMENT_HIGHRISE,CBECS_PRE_1980,3,NO_ECONOMIZER,0.0,0.0,False,False,1.0,2.5,1.544117647,0.35
ACCOMODATION_APARTMENT_HIGHRISE,CBECS_PRE_1980,4,NO_ECONOMIZER,0.0,0.0,False,False,1.0,2.5,1.544117647,0.35
ACCOMODATION_APARTMENT_HIGHRISE,CBECS_PRE_1980,5,NO_ECONOMIZER,0.0,0.0,False,False,1.0,2.5,1.544117647,0.35
ACCOMODATION_APARTMENT_HIGHRISE,CBECS_PRE_1980,6,NO_ECONOMIZER,0.0,0.0,False,False,1.0,2.5,1.544117647,0.35
ACCOMODATION_APARTMENT_HIGHRISE,CBECS_PRE_1980,7,NO_ECONOMIZER,0.0,0.0,False,False,1.0,2.5,1.544117647,0.35
ACCOMODATION_APARTMENT_HIGHRISE,CBECS_PRE_1980,8,NO_ECONOMIZER,0.0,0.0,False,False,1.0,2.5,1.544117647,0.35
ACCOMODATION_APARTMENT_MIDRISE,ASHRAE_901_2004,1,NO_ECONOMIZER,0.114285714,0.057142857,False,False,1.857142857,2.5,1.569938885,0.35
ACCOMODATION_APARTMENT_MIDRISE,ASHRAE_901_2004,2,NO_ECONOMIZER,0.114285714,0.057142857,False,False,1.734693878,2.806122449,1.569938885,0.35
ACCOMODATION_APARTMENT_MIDRISE,ASHRAE_901_2004,3,DIFFERENTIAL_DRY_BULB,0.114285714,0.057142857,False,False,1.612244898,3.112244898,1.569938885,0.35
ACCOMODATION_APARTMENT_MIDRISE,ASHRAE_901_2004,4,DIFFERENTIAL_DRY_BULB,0.114285714,0.057142857,False,False,1.489795918,3.418367347,1.569938885,0.35
ACCOMODATION_APARTMENT_MIDRISE,ASHRAE_901_2004,5,DIFFERENTIAL_DRY_BULB,0.114285714,0.057142857,False,False,1.367346939,3.724489796,1.569938885,0.35
ACCOMODATION_APARTMENT_MIDRISE,ASHRAE_901_2004,6,DIFFERENTIAL_DRY_BULB,0.114285714,0.057142857,False,False,1.244897959,4.030612245,1.569938885,0.35
ACCOMODATION_APARTMENT_MIDRISE,ASHRAE_901_2004,7,DIFFERENTIAL_DRY_BULB,0.114285714,0.057142857,False,False,1.12244898,4.336734694,1.569938885,0.35
ACCOMODATION_APARTMENT_MIDRISE,ASHRAE_901_2004,8,DIFFERENTIAL_DRY_BULB,0.114285714,0.057142857,False,False,1.0,4.642857143,1.569938885,0.35
ACCOMODATION_APARTMENT_MIDRISE,ASHRAE_901_2007,1,NO_ECONOMIZER,0.171428571,0.085714286,True,False,2.285714286,2.5,1.495951108,0.35
ACCOMODATION_APARTMENT_MIDRISE,ASHRAE_901_2007,2,NO_ECONOMIZER,0.171428571,0.085714286,True,False,2.102040816,2.959183673,1.495951108,0.35
ACCOMODATION_APARTMENT_MIDRISE,ASHRAE_901_2007,3,DIFFERENTIAL_DRY_BULB,0.171428571,0.085714286,True,False,1.918367347,3.418367347,1.495951108,0.35
ACCOMODATION_APARTMENT_MIDRISE,ASHRAE_901_2007,4,DIFFERENTIAL_DRY_BULB,0.171428571,0.085714286,True,False,1.734693878,3.87755102,1.495951108,0.35
ACCOMODATION_APARTMENT_MIDRISE,ASHRAE_901_2007,5,DIFFERENTIAL_DRY_BULB,0.171428571,0.085714286,True,False,1.551020408,4.336734694,1.495951108,0.35
ACCOMODATION_APARTMENT_MIDRISE,ASHRAE_901_2007,6,DIFFERENTIAL_DRY_BULB,0.171428571,0.085714286,True,False,1.367346939,4.795918367,1.495951108,0.35
ACCOMODATION_APARTMENT_MIDRISE,ASHRAE_901_2007,7,DIFFERENTIAL_DRY_BULB,0.171428571,0.085714286,True,False,1.183673469,5.255102041,1.495951108,0.35
ACCOMODATION_APARTMENT_MIDRISE,ASHRAE_901_2007,8,DIFFERENTIAL_DRY_BULB,0.171428571,0.085714286,True,False,1.0,5.714285714,1.495951108,0.35
ACCOMODATION_APARTMENT_MIDRISE,ASHRAE_901_2010,1,NO_ECONOMIZER,0.228571429,0.114285714,True,False,2.714285714,2.5,1.421963331,0.35
ACCOMODATION_APARTMENT_MIDRISE,ASHRAE_901_2010,2,NO_ECONOMIZER,0.228571429,0.114285714,True,False,2.469387755,3.112244898,1.421963331,0.35
ACCOMODATION_APARTMENT_MIDRISE,ASHRAE_901_2010,3,DIFFERENTIAL_DRY_BULB,0.228571429,0.114285714,True,False,2.224489796,3.724489796,1.421963331,0.35
ACCOMODATION_APARTMENT_MIDRISE,ASHRAE_901_2010,4,DIFFERENTIAL_DRY_BULB,0.228571429,0.114285714,True,False,1.979591837,4.336734694,1.421963331,0.35
ACCOMODATION_APARTMENT_MIDRISE,ASHRAE_901_2010,5,DIFFERENTIAL_DRY_BULB,0.228571429,0.114285714,True,False,1.734693878,4.948979592,1.421963331,0.35
ACCOMODATION_APARTMENT_MIDRISE,ASHRAE_901_2010,6,DIFFERENTIAL_DRY_BULB,0.228571429,0.114285714,True,False,1.489795918,5.56122449,1.421963331,0.35
ACCOMODATION_APARTMENT_MIDRISE,ASHRAE_901_2010,7,DIFFERENTIAL_DRY_BULB,0.228571429,0.114285714,True,False,1.244897959,6.173469388,1.421963331,0.35
ACCOMODATION_APARTMENT_MIDRISE,ASHRAE_901_2010,8,DIFFERENTIAL_DRY_BULB,0.228571429,0.114285714,True,False,1.0,6.785714286,1.421963331,0.35
ACCOMODATION_APARTMENT_MIDRISE,ASHRAE_901_2013,1,NO_ECONOMIZER,0.285714286,0.142857143,True,False,3.142857143,2.5,1.347975554,0.35
ACCOMODATION_APARTMENT_MIDRISE,ASHRAE_901_2013,2,NO_ECONOMIZER,0.285714286,0.142857143,True,False,2.836734694,3.265306122,1.347975554,0.35
ACCOMODATION_APARTMENT_MIDRISE,ASHRAE_901_2013,3,DIFFERENTIAL_DRY_BULB,0.285714286,0.142857143,True,False,2.530612245,4.030612245,1.347975554,0.35
ACCOMODATION_APARTMENT_MIDRISE,ASHRAE_901_2013,4,DIFFERENTIAL_DRY_BULB,0.285714286,0.142857143,True,False,2.224489796,4.795918367,1.347975554,0.35
ACCOMODATION_APARTMENT_MIDRISE,ASHRAE_901_2013,5,DIFFERENTIAL_DRY_BULB,0.285714286,0.142857143,True,False,1.918367347,5.56122449,1.347975554,0.35
ACCOMODATION_APARTMENT_MIDRISE,ASHRAE_901_2013,6,DIFFERENTIAL_DRY_BULB,0.285714286,0.142857143,True,False,1.612244898,6.326530612,1.347975554,0.35
ACCOMODATION_APARTMENT_MIDRISE,ASHRAE_901_2013,7,DIFFERENTIAL_DRY_BULB,0.285714286,0.142857143,True,False,1.306122449,7.091836735,1.347975554,0.35
ACCOMODATION_APARTMENT_MIDRISE,ASHRAE_901_2013,8,DIFFERENTIAL_DRY_BULB,0.285714286,0.142857143,True,False,1.0,7.857142857,1.347975554,0.35
ACCOMODATION_APARTMENT_MIDRISE,ASHRAE_901_2016,1,NO_ECONOMIZER,0.342857143,0.171428571,True,False,3.571428571,2.5,1.273987777,0.35
ACCOMODATION_APARTMENT_MIDRISE,ASHRAE_901_2016,2,NO_ECONOMIZER,0.342857143,0.171428571,True,False,3.204081633,3.418367347,1.273987777,0.35
ACCOMODATION_APARTMENT_MIDRISE,ASHRAE_901_2016,3,DIFFERENTIAL_DRY_BULB,0.342857143,0.171428571,True,False,2.836734694,4.336734694,1.273987777,0.35
ACCOMODATION_APARTMENT_MIDRISE,ASHRAE_901_2016,4,DIFFERENTIAL_DRY_BULB,0.342857143,0.171428571,True,False,2.469387755,5.255102041,1.273987777,0.35
ACCOMODATION_APARTMENT_MIDRISE,ASHRAE_901_2016,5,DIFFERENTIAL_DRY_BULB,0.342857143,0.171428571,True,False,2.102040816,6.173469388,1.273987777,0.35
ACCOMODATION_APARTMENT_MIDRISE,ASHRAE_901_2016,6,DIFFERENTIAL_DRY_BULB,0.342857143,0.171428571,True,False,1.734693878,7.091836735,1.273987777,0.35
ACCOMODATION_APARTMENT_MIDRISE,ASHRAE_901_2016,7,DIFFERENTIAL_DRY_BULB,0.342857143,0.171428571,True,False,1.367346939,8.010204082,1.273987777,0.35
ACCOMODATION_APARTMENT_MIDRISE,ASHRAE_901_2016,8,DIFFERENTIAL_DRY_BULB,0.342857143,0.171428571,True,False,1.0,8.928571429,1.273987777,0.35
ACCOMODATION_APARTMENT_MIDRISE,ASHRAE_901_2019,1,NO_ECONOMIZER,0.4,0.2,True,False,4.0,2.5,1.2,0.35
ACCOMODATION_APARTMENT_MIDRISE,ASHRAE_901_2019,2,NO_ECONOMIZER,0.4,0.2,True,False,3.571428571,3.571428571,1.2,0.35
ACCOMODATION_APARTMENT_MIDRISE,ASHRAE_901_2019,3,DIFFERENTIAL_DRY_BULB,0.4,0.2,True,False,3.142857143,4.642857143,1.2,0.35
ACCOMODATION_APARTMENT_MIDRISE,ASHRAE_901_2019,4,DIFFERENTIAL_DRY_BULB,0.4,0.2,True,False,2.714285714,5.714285714,1.2,0.35
ACCOMODATION_APARTMENT_MIDRISE,ASHRAE_901_2019,5,DIFFERENTIAL_DRY_BULB,0.4,0.2,True,False,2.285714286,6.785714286,1.2,0.35
ACCOMODATION_APARTMENT_MIDRISE,ASHRAE_901_2019,6,DIFFERENTIAL_DRY_BULB,0.4,0.2,True,False,1.857142857,7.857142857,1.2,0.35
ACCOMODATION_APARTMENT_MIDRISE,ASHRAE_901_2019,7,DIFFERENTIAL_DRY_BULB,0.4,0.2,True,False,1.428571429,8.928571429,1.2,0.35
ACCOMODATION_APARTMENT_MIDRISE,ASHRAE_901_2019,8,DIFFERENTIAL_DRY_BULB,0.4,0.2,True,False,1.0,10.0,1.2,0.35
ACCOMODATION_APARTMENT_MIDRISE,CBECS_1980_2004,1,NO_ECONOMIZER,0.057142857,0.028571429,False,False,1.428571429,2.5,1.643926662,0.35
ACCOMODATION_APARTMENT_MIDRISE,CBECS_1980_2004,2,NO_ECONOMIZER,0.057142857,0.028571429,False,False,1.367346939,2.653061224,1.643926662,0.35
ACCOMODATION_APARTMENT_MIDRISE,CBECS_1980_2004,3,NO_ECONOMIZER,0.057142857,0.028571429,False,False,1.306122449,2.806122449,1.643926662,0.35
ACCOMODATION_APARTMENT_MIDRISE,CBECS_1980_2004,4,NO_ECONOMIZER,0.057142857,0.028571429,False,False,1.244897959,2.959183673,1.643926662,0.35
ACCOMODATION_APARTMENT_MIDRISE,CBECS_1980_2004,5,NO_ECONOMIZER,0.057142857,0.028571429,False,False,1.183673469,3.112244898,1.643926662,0.35
ACCOMODATION_APARTMENT_MIDRISE,CBECS_1980_2004,6,NO_ECONOMIZER,0.057142857,0.028571429,False,False,1.12244898,3.265306122,1.643926662,0.35
ACCOMODATION_APARTMENT_MIDRISE,CBECS_1980_2004,7,NO_ECONOMIZER,0.057142857,0.028571429,False,False,1.06122449,3.418367347,1.643926662,0.35
ACCOMODATION_APARTMENT_MIDRISE,CBECS_1980_2004,8,NO_ECONOMIZER,0.057142857,0.028571429,False,False,1.0,3.571428571,1.643926662,0.35
ACCOMODATION_APARTMENT_MIDRISE,CBECS_PRE_1980,1,NO_ECONOMIZER,0.0,0.0,False,False,1.0,2.5,1.717914439,0.35
ACCOMODATION_APARTMENT_MIDRISE,CBECS_PRE_1980,2,NO_ECONOMIZER,0.0,0.0,False,False,1.0,2.5,1.717914439,0.35
ACCOMODATION_APARTMENT_MIDRISE,CBECS_PRE_1980,3,NO_ECONOMIZER,0.0,0.0,False,False,1.0,2.5,1.717914439,0.35
ACCOMODATION_APARTMENT_MIDRISE,CBECS_PRE_1980,4,NO_ECONOMIZER,0.0,0.0,False,False,1.0,2.5,1.717914439,0.35
ACCOMODATION_APARTMENT_MIDRISE,CBECS_PRE_1980,5,NO_ECONOMIZER,0.0,0.0,False,False,1.0,2.5,1.717914439,0.35
ACCOMODATION_APARTMENT_MIDRISE,CBECS_PRE_1980,6,NO_ECONOMIZER,0.0,0.0,False,False,1.0,2.5,1.717914439,0.35
ACCOMODATION_APARTMENT_MIDRISE,CBECS_PRE_1980,7,NO_ECONOMIZER,0.0,0.0,False,False,1.0,2.5,1.717914439,0.35
ACCOMODATION_APARTMENT_MIDRISE,CBECS_PRE_1980,8,NO_ECONOMIZER,0.0,0.0,False,False,1.0,2.5,1.717914439,0.35
ACCOMODATION_HOTEL_LARGE,ASHRAE_901_2004,1,NO_ECONOMIZER,0.114285714,0.057142857,False,False,1.857142857,2.5,1.261656481,0.35
ACCOMODATION_HOTEL_LARGE,ASHRAE_901_2004,2,NO_ECONOMIZER,0.114285714,0.057142857,False,False,1.734693878,2.806122449,1.261656481,0.35
ACCOMODATION_HOTEL_LARGE,ASHRAE_901_2004,3,DIFFERENTIAL_DRY_BULB,0.114285714,0.057142857,False,False,1.612244898,3.112244898,1.261656481,0.35
ACCOMODATION_HOTEL_LARGE,ASHRAE_901_2004,4,DIFFERENTIAL_DRY_BULB,0.114285714,0.057142857,False,False,1.489795918,3.418367347,1.261656481,0.35
ACCOMODATION_HOTEL_LARGE,ASHRAE_901_2004,5,DIFFERENTIAL_DRY_BULB,0.114285714,0.057142857,False,False,1.367346939,3.724489796,1.261656481,0.35
ACCOMODATION_HOTEL_LARGE,ASHRAE_901_2004,6,DIFFERENTIAL_DRY_BULB,0.114285714,0.057142857,False,False,1.244897959,4.030612245,1.261656481,0.35
ACCOMODATION_HOTEL_LARGE,ASHRAE_901_2004,7,DIFFERENTIAL_DRY_BULB,0.114285714,0.057142857,False,False,1.12244898,4.336734694,1.261656481,0.35
ACCOMODATION_HOTEL_LARGE,ASHRAE_901_2004,8,DIFFERENTIAL_DRY_BULB,0.114285714,0.057142857,False,False,1.0,4.642857143,1.261656481,0.35
ACCOMODATION_HOTEL_LARGE,ASHRAE_901_2007,1,NO_ECONOMIZER,0.171428571,0.085714286,True,False,2.285714286,2.5,1.249325185,0.35
ACCOMODATION_HOTEL_LARGE,ASHRAE_901_2007,2,NO_ECONOMIZER,0.171428571,0.085714286,True,False,2.102040816,2.959183673,1.249325185,0.35
ACCOMODATION_HOTEL_LARGE,ASHRAE_901_2007,3,DIFFERENTIAL_DRY_BULB,0.171428571,0.085714286,True,False,1.918367347,3.418367347,1.249325185,0.35
ACCOMODATION_HOTEL_LARGE,ASHRAE_901_2007,4,DIFFERENTIAL_DRY_BULB,0.171428571,0.085714286,True,False,1.734693878,3.87755102,1.249325185,0.35
ACCOMODATION_HOTEL_LARGE,ASHRAE_901_2007,5,DIFFERENTIAL_DRY_BULB,0.171428571,0.085714286,True,False,1.551020408,4.336734694,1.249325185,0.35
ACCOMODATION_HOTEL_LARGE,ASHRAE_901_2007,6,DIFFERENTIAL_DRY_BULB,0.171428571,0.085714286,True,False,1.367346939,4.795918367,1.249325185,0.35
ACCOMODATION_HOTEL_LARGE,ASHRAE_901_2007,7,DIFFERENTIAL_DRY_BULB,0.171428571,0.085714286,True,False,1.183673469,5.255102041,1.249325185,0.35
ACCOMODATION_HOTEL_LARGE,ASHRAE_901_2007,8,DIFFERENTIAL_DRY_BULB,0.171428571,0.085714286,True,False,1.0,5.714285714,1.249325185,0.35
ACCOMODATION_HOTEL_LARGE,ASHRAE_901_2010,1,NO_ECONOMIZER,0.228571429,0.114285714,True,False,2.714285714,2.5,1.236993888,0.35
ACCOMODATION_HOTEL_LARGE,ASHRAE_901_2010,2,NO_ECONOMIZER,0.228571429,0.114285714,True,False,2.469387755,3.112244898,1.236993888,0.35
ACCOMODATION_HOTEL_LARGE,ASHRAE_901_2010,3,DIFFERENTIAL_DRY_BULB,0.228571429,0.114285714,True,False,2.224489796,3.724489796,1.236993888,0.35
ACCOMODATION_HOTEL_LARGE,ASHRAE_901_2010,4,DIFFERENTIAL_DRY_BULB,0.228571429,0.114285714,True,False,1.979591837,4.336734694,1.236993888,0.35
ACCOMODATION_HOTEL_LARGE,ASHRAE_901_2010,5,DIFFERENTIAL_DRY_BULB,0.228571429,0.114285714,True,False,1.734693878,4.948979592,1.236993888,0.35
ACCOMODATION_HOTEL_LARGE,ASHRAE_901_2010,6,DIFFERENTIAL_DRY_BULB,0.228571429,0.114285714,True,False,1.489795918,5.56122449,1.236993888,0.35
ACCOMODATION_HOTEL_LARGE,ASHRAE_901_2010,7,DIFFERENTIAL_DRY_BULB,0.228571429,0.114285714,True,False,1.244897959,6.173469388,1.236993888,0.35
ACCOMODATION_HOTEL_LARGE,ASHRAE_901_2010,8,DIFFERENTIAL_DRY_BULB,0.228571429,0.114285714,True,False,1.0,6.785714286,1.236993888,0.35
ACCOMODATION_HOTEL_LARGE,ASHRAE_901_2013,1,NO_ECONOMIZER,0.285714286,0.142857143,True,False,3.142857143,2.5,1.224662592,0.35
ACCOMODATION_HOTEL_LARGE,ASHRAE_901_2013,2,NO_ECONOMIZER,0.285714286,0.142857143,True,False,2.836734694,3.265306122,1.224662592,0.35
ACCOMODATION_HOTEL_LARGE,ASHRAE_901_2013,3,DIFFERENTIAL_DRY_BULB,0.285714286,0.142857143,True,False,2.530612245,4.030612245,1.224662592,0.35
ACCOMODATION_HOTEL_LARGE,ASHRAE_901_2013,4,DIFFERENTIAL_DRY_BULB,0.285714286,0.142857143,True,False,2.224489796,4.795918367,1.224662592,0.35
ACCOMODATION_HOTEL_LARGE,ASHRAE_901_2013,5,DIFFERENTIAL_DRY_BULB,0.285714286,0.142857143,True,False,1.918367347,5.56122449,1.224662592,0.35
ACCOMODATION_HOTEL_LARGE,ASHRAE_901_2013,6,DIFFERENTIAL_DRY_BULB,0.285714286,0.142857143,True,False,1.612244898,6.326530612,1.224662592,0.35
ACCOMODATION_HOTEL_LARGE,ASHRAE_901_2013,7,DIFFERENTIAL_DRY_BULB,0.285714286,0.142857143,True,False,1.306122449,7.091836735,1.224662592,0.35
ACCOMODATION_HOTEL_LARGE,ASHRAE_901_2013,8,DIFFERENTIAL_DRY_BULB,0.285714286,0.142857143,True,False,1.0,7.857142857,1.224662592,0.35
ACCOMODATION_HOTEL_LARGE,ASHRAE_901_2016,1,NO_ECONOMIZER,0.342857143,0.171428571,True,False,3.571428571,2.5,1.212331296,0.35
ACCOMODATION_HOTEL_LARGE,ASHRAE_901_2016,2,NO_ECONOMIZER,0.342857143,0.171428571,True,False,3.204081633,3.418367347,1.212331296,0.35
ACCOMODATION_HOTEL_LARGE,ASHRAE_901_2016,3,DIFFERENTIAL_DRY_BULB,0.342857143,0.171428571,True,False,2.836734694,4.336734694,1.212331296,0.35
ACCOMODATION_HOTEL_LARGE,ASHRAE_901_2016,4,DIFFERENTIAL_DRY_BULB,0.342857143,0.171428571,True,False,2.469387755,5.255102041,1.212331296,0.35
ACCOMODATION_HOTEL_LARGE,ASHRAE_901_2016,5,DIFFERENTIAL_DRY_BULB,0.342857143,0.171428571,True,False,2.102040816,6.173469388,1.212331296,0.35
ACCOMODATION_HOTEL_LARGE,ASHRAE_901_2016,6,DIFFERENTIAL_DRY_BULB,0.342857143,0.171428571,True,False,1.734693878,7.091836735,1.212331296,0.35
ACCOMODATION_HOTEL_LARGE,ASHRAE_901_2016,7,DIFFERENTIAL_DRY_BULB,0.342857143,0.171428571,True,False,1.367346939,8.010204082,1.212331296,0.35
ACCOMODATION_HOTEL_LARGE,ASHRAE_901_2016,8,DIFFERENTIAL_DRY_BULB,0.342857143,0.171428571,True,False,1.0,8.928571429,1.212331296,0.35
ACCOMODATION_HOTEL_LARGE,ASHRAE_901_2019,1,NO_ECONOMIZER,0.4,0.2,True,False,4.0,2.5,1.2,0.35
ACCOMODATION_HOTEL_LARGE,ASHRAE_901_2019,2,NO_ECONOMIZER,0.4,0.2,True,False,3.571428571,3.571428571,1.2,0.35
ACCOMODATION_HOTEL_LARGE,ASHRAE_901_2019,3,DIFFERENTIAL_DRY_BULB,0.4,0.2,True,False,3.142857143,4.642857143,1.2,0.35
ACCOMODATION_HOTEL_LARGE,ASHRAE_901_2019,4,DIFFERENTIAL_DRY_BULB,0.4,0.2,True,False,2.714285714,5.714285714,1.2,0.35
ACCOMODATION_HOTEL_LARGE,ASHRAE_901_2019,5,DIFFERENTIAL_DRY_BULB,0.4,0.2,True,False,2.285714286,6.785714286,1.2,0.35
ACCOMODATION_HOTEL_LARGE,ASHRAE_901_2019,6,DIFFERENTIAL_DRY_BULB,0.4,0.2,True,False,1.857142857,7.857142857,1.2,0.35
ACCOMODATION_HOTEL_LARGE,ASHRAE_901_2019,7,DIFFERENTIAL_DRY_BULB,0.4,0.2,True,False,1.428571429,8.928571429,1.2,0.35
ACCOMODATION_HOTEL_LARGE,ASHRAE_901_2019,8,DIFFERENTIAL_DRY_BULB,0.4,0.2,True,False,1.0,10.0,1.2,0.35
ACCOMODATION_HOTEL_LARGE,CBECS_1980_2004,1,NO_ECONOMIZER,0.057142857,0.028571429,False,False,1.428571429,2.5,1.273987777,0.35
ACCOMODATION_HOTEL_LARGE,CBECS_1980_2004,2,NO_ECONOMIZER,0.057142857,0.028571429,False,False,1.367346939,2.653061224,1.273987777,0.35
ACCOMODATION_HOTEL_LARGE,CBECS_1980_2004,3,NO_ECONOMIZER,0.057142857,0.028571429,False,False,1.306122449,2.806122449,1.273987777,0.35
ACCOMODATION_HOTEL_LARGE,CBECS_1980_2004,4,NO_ECONOMIZER,0.057142857,0.028571429,False,False,1.244897959,2.959183673,1.273987777,0.35
ACCOMODATION_HOTEL_LARGE,CBECS_1980_2004,5,NO_ECONOMIZER,0.057142857,0.028571429,False,False,1.183673469,3.112244898,1.273987777,0.35
ACCOMODATION_HOTEL_LARGE,CBECS_1980_2004,6,NO_ECONOMIZER,0.057142857,0.028571429,False,False,1.12244898,3.265306122,1.273987777,0.35
ACCOMODATION_HOTEL_LARGE,CBECS_1980_2004,7,NO_ECONOMIZER,0.057142857,0.028571429,False,False,1.06122449,3.418367347,1.273987777,0.35
ACCOMODATION_HOTEL_LARGE,CBECS_1980_2004,8,NO_ECONOMIZER,0.057142857,0.028571429,False,False,1.0,3.571428571,1.273987777,0.35
ACCOMODATION_HOTEL_LARGE,CBECS_PRE_1980,1,NO_ECONOMIZER,0.0,0.0,False,False,1.0,2.5,1.286319073,0.35
ACCOMODATION_HOTEL_LARGE,CBECS_PRE_1980,2,NO_ECONOMIZER,0.0,0.0,False,False,1.0,2.5,1.286319073,0.35
ACCOMODATION_HOTEL_LARGE,CBECS_PRE_1980,3,NO_ECONOMIZER,0.0,0.0,False,False,1.0,2.5,1.286319073,0.35
ACCOMODATION_HOTEL_LARGE,CBECS_PRE_1980,4,NO_ECONOMIZER,0.0,0.0,False,False,1.0,2.5,1.286319073,0.35
ACCOMODATION_HOTEL_LARGE,CBECS_PRE_1980,5,NO_ECONOMIZER,0.0,0.0,False,False,1.0,2.5,1.286319073,0.35
ACCOMODATION_HOTEL_LARGE,CBECS_PRE_1980,6,NO_ECONOMIZER,0.0,0.0,False,False,1.0,2.5,1.286319073,0.35
ACCOMODATION_HOTEL_LARGE,CBECS_PRE_1980,7,NO_ECONOMIZER,0.0,0.0,False,False,1.0,2.5,1.286319073,0.35
ACCOMODATION_HOTEL_LARGE,CBECS_PRE_1980,8,NO_ECONOMIZER,0.0,0.0,False,False,1.0,2.5,1.286319073,0.35
ACCOMODATION_HOTEL_SMALL,ASHRAE_901_2004,1,NO_ECONOMIZER,0.114285714,0.057142857,False,False,1.857142857,2.5,1.425108225,0.35
ACCOMODATION_HOTEL_SMALL,ASHRAE_901_2004,2,NO_ECONOMIZER,0.114285714,0.057142857,False,False,1.734693878,2.806122449,1.425108225,0.35
ACCOMODATION_HOTEL_SMALL,ASHRAE_901_2004,3,DIFFERENTIAL_DRY_BULB,0.114285714,0.057142857,False,False,1.612244898,3.112244898,1.425108225,0.35
ACCOMODATION_HOTEL_SMALL,ASHRAE_901_2004,4,DIFFERENTIAL_DRY_BULB,0.114285714,0.057142857,False,False,1.489795918,3.418367347,1.425108225,0.35
ACCOMODATION_HOTEL_SMALL,ASHRAE_901_2004,5,DIFFERENTIAL_DRY_BULB,0.114285714,0.057142857,False,False,1.367346939,3.724489796,1.425108225,0.35
ACCOMODATION_HOTEL_SMALL,ASHRAE_901_2004,6,DIFFERENTIAL_DRY_BULB,0.114285714,0.057142857,False,False,1.244897959,4.030612245,1.425108225,0.35
ACCOMODATION_HOTEL_SMALL,ASHRAE_901_2004,7,DIFFERENTIAL_DRY_BULB,0.114285714,0.057142857,False,False,1.12244898,4.336734694,1.425108225,0.35
ACCOMODATION_HOTEL_SMALL,ASHRAE_901_2004,8,DIFFERENTIAL_DRY_BULB,0.114285714,0.057142857,False,False,1.0,4.642857143,1.425108225,0.35
ACCOMODATION_HOTEL_SMALL,ASHRAE_901_2007,1,NO_ECONOMIZER,0.171428571,0.085714286,True,False,2.285714286,2.5,1.38008658,0.35
ACCOMODATION_HOTEL_SMALL,ASHRAE_901_2007,2,NO_ECONOMIZER,0.171428571,0.085714286,True,False,2.102040816,2.959183673,1.38008658,0.35
ACCOMODATION_HOTEL_SMALL,ASHRAE_901_2007,3,DIFFERENTIAL_DRY_BULB,0.171428571,0.085714286,True,False,1.918367347,3.418367347,1.38008658,0.35
ACCOMODATION_HOTEL_SMALL,ASHRAE_901_2007,4,DIFFERENTIAL_DRY_BULB,0.171428571,0.085714286,True,False,1.734693878,3.87755102,1.38008658,0.35
ACCOMODATION_HOTEL_SMALL,ASHRAE_901_2007,5,DIFFERENTIAL_DRY_BULB,0.171428571,0.085714286,True,False,1.551020408,4.336734694,1.38008658,0.35
ACCOMODATION_HOTEL_SMALL,ASHRAE_901_2007,6,DIFFERENTIAL_DRY_BULB,0.171428571,0.085714286,True,False,1.367346939,4.795918367,1.38008658,0.35
ACCOMODATION_HOTEL_SMALL,ASHRAE_901_2007,7,DIFFERENTIAL_DRY_BULB,0.171428571,0.085714286,True,False,1.183673469,5.255102041,1.38008658,0.35
ACCOMODATION_HOTEL_SMALL,ASHRAE_901_2007,8,DIFFERENTIAL_DRY_BULB,0.171428571,0.085714286,True,False,1.0,5.714285714,1.38008658,0.35
ACCOMODATION_HOTEL_SMALL,ASHRAE_901_2010,1,NO_ECONOMIZER,0.228571429,0.114285714,True,False,2.714285714,2.5,1.335064935,0.35
ACCOMODATION_HOTEL_SMALL,ASHRAE_901_2010,2,NO_ECONOMIZER,0.228571429,0.114285714,True,False,2.469387755,3.112244898,1.335064935,0.35
ACCOMODATION_HOTEL_SMALL,ASHRAE_901_2010,3,DIFFERENTIAL_DRY_BULB,0.228571429,0.114285714,True,False,2.224489796,3.724489796,1.335064935,0.35
ACCOMODATION_HOTEL_SMALL,ASHRAE_901_2010,4,DIFFERENTIAL_DRY_BULB,0.228571429,0.114285714,True,False,1.979591837,4.336734694,1.335064935,0.35
ACCOMODATION_HOTEL_SMALL,ASHRAE_901_2010,5,DIFFERENTIAL_DRY_BULB,0.228571429,0.114285714,True,False,1.734693878,4.948979592,1.335064935,0.35
ACCOMODATION_HOTEL_SMALL,ASHRAE_901_2010,6,DIFFERENTIAL_DRY_BULB,0.228571429,0.114285714,True,False,1.489795918,5.56122449,1.335064935,0.35
ACCOMODATION_HOTEL_SMALL,ASHRAE_901_2010,7,DIFFERENTIAL_DRY_BULB,0.228571429,0.114285714,True,False,1.244897959,6.173469388,1.335064935,0.35
ACCOMODATION_HOTEL_SMALL,ASHRAE_901_2010,8,DIFFERENTIAL_DRY_BULB,0.228571429,0.114285714,True,False,1.0,6.785714286,1.335064935,0.35
ACCOMODATION_HOTEL_SMALL,ASHRAE_901_2013,1,NO_ECONOMIZER,0.285714286,0.142857143,True,False,3.142857143,2.5,1.29004329,0.35
ACCOMODATION_HOTEL_SMALL,ASHRAE_901_2013,2,NO_ECONOMIZER,0.285714286,0.142857143,True,False,2.836734694,3.265306122,1.29004329,0.35
ACCOMODATION_HOTEL_SMALL,ASHRAE_901_2013,3,DIFFERENTIAL_DRY_BULB,0.285714286,0.142857143,True,False,2.530612245,4.030612245,1.29004329,0.35
ACCOMODATION_HOTEL_SMALL,ASHRAE_901_2013,4,DIFFERENTIAL_DRY_BULB,0.285714286,0.142857143,True,False,2.224489796,4.795918367,1.29004329,0.35
ACCOMODATION_HOTEL_SMALL,ASHRAE_901_2013,5,DIFFERENTIAL_DRY_BULB,0.285714286,0.142857143,True,False,1.918367347,5.56122449,1.29004329,0.35
ACCOMODATION_HOTEL_SMALL,ASHRAE_901_2013,6,DIFFERENTIAL_DRY_BULB,0.285714286,0.142857143,True,False,1.612244898,6.326530612,1.29004329,0.35
ACCOMODATION_HOTEL_SMALL,ASHRAE_901_2013,7,DIFFERENTIAL_DRY_BULB,0.285714286,0.142857143,True,False,1.306122449,7.091836735,1.29004329,0.35
ACCOMODATION_HOTEL_SMALL,ASHRAE_901_2013,8,DIFFERENTIAL_DRY_BULB,0.285714286,0.142857143,True,False,1.0,7.857142857,1.29004329,0.35
ACCOMODATION_HOTEL_SMALL,ASHRAE_901_2016,1,NO_ECONOMIZER,0.342857143,0.171428571,True,False,3.571428571,2.5,1.245021645,0.35
ACCOMODATION_HOTEL_SMALL,ASHRAE_901_2016,2,NO_ECONOMIZER,0.342857143,0.171428571,True,False,3.204081633,3.418367347,1.245021645,0.35
ACCOMODATION_HOTEL_SMALL,ASHRAE_901_2016,3,DIFFERENTIAL_DRY_BULB,0.342857143,0.171428571,True,False,2.836734694,4.336734694,1.245021645,0.35
ACCOMODATION_HOTEL_SMALL,ASHRAE_901_2016,4,DIFFERENTIAL_DRY_BULB,0.342857143,0.171428571,True,False,2.469387755,5.255102041,1.245021645,0.35
ACCOMODATION_HOTEL_SMALL,ASHRAE_901_2016,5,DIFFERENTIAL_DRY_BULB,0.342857143,0.171428571,True,False,2.102040816,6.173469388,1.245021645,0.35
ACCOMODATION_HOTEL_SMALL,ASHRAE_901_2016,6,DIFFERENTIAL_DRY_BULB,0.342857143,0.171428571,True,False,1.734693878,7.091836735,1.245021645,0.35
ACCOMODATION_HOTEL_SMALL,ASHRAE_901_2016,7,DIFFERENTIAL_DRY_BULB,0.342857143,0.171428571,True,False,1.367346939,8.010204082,1.245021645,0.35
ACCOMODATION_HOTEL_SMALL,ASHRAE_901_2016,8,DIFFERENTIAL_DRY_BULB,0.342857143,0.171428571,True,False,1.0,8.928571429,1.245021645,0.35
ACCOMODATION_HOTEL_SMALL,ASHRAE_901_2019,1,NO_ECONOMIZER,0.4,0.2,True,False,4.0,2.5,1.2,0.35
ACCOMODATION_HOTEL_SMALL,ASHRAE_901_2019,2,NO_ECONOMIZER,0.4,0.2,True,False,3.571428571,3.571428571,1.2,0.35
ACCOMODATION_HOTEL_SMALL,ASHRAE_901_2019,3,DIFFERENTIAL_DRY_BULB,0.4,0.2,True,False,3.142857143,4.642857143,1.2,0.35
ACCOMODATION_HOTEL_SMALL,ASHRAE_901_2019,4,DIFFERENTIAL_DRY_BULB,0.4,0.2,True,False,2.714285714,5.714285714,1.2,0.35
ACCOMODATION_HOTEL_SMALL,ASHRAE_901_2019,5,DIFFERENTIAL_DRY_BULB,0.4,0.2,True,False,2.285714286,6.785714286,1.2,0.35
ACCOMODATION_HOTEL_SMALL,ASHRAE_901_2019,6,DIFFERENTIAL_DRY_BULB,0.4,0.2,True,False,1.857142857,7.857142857,1.2,0.35
ACCOMODATION_HOTEL_SMALL,ASHRAE_901_2019,7,DIFFERENTIAL_DRY_BULB,0.4,0.2,True,False,1.428571429,8.928571429,1.2,0.35
ACCOMODATION_HOTEL_SMALL,ASHRAE_901_2019,8,DIFFERENTIAL_DRY_BULB,0.4,0.2,True,False,1.0,10.0,1.2,0.35
ACCOMODATION_HOTEL_SMALL,CBECS_1980_2004,1,NO_ECONOMIZER,0.057142857,0.028571429,False,False,1.428571429,2.5,1.47012987,0.35
ACCOMODATION_HOTEL_SMALL,CBECS_1980_2004,2,NO_ECONOMIZER,0.057142857,0.028571429,False,False,1.367346939,2.653061224,1.47012987,0.35
ACCOMODATION_HOTEL_SMALL,CBECS_1980_2004,3,NO_ECONOMIZER,0.057142857,0.028571429,False,False,1.306122449,2.806122449,1.47012987,0.35
ACCOMODATION_HOTEL_SMALL,CBECS_1980_2004,4,NO_ECONOMIZER,0.057142857,0.028571429,False,False,1.244897959,2.959183673,1.47012987,0.35
ACCOMODATION_HOTEL_SMALL,CBECS_1980_2004,5,NO_ECONOMIZER,0.057142857,0.028571429,False,False,1.183673469,3.112244898,1.47012987,0.35
ACCOMODATION_HOTEL_SMALL,CBECS_1980_2004,6,NO_ECONOMIZER,0.057142857,0.028571429,False,False,1.12244898,3.265306122,1.47012987,0.35
ACCOMODATION_HOTEL_SMALL,CBECS_1980_2004,7,NO_ECONOMIZER,0.057142857,0.028571429,False,False,1.06122449,3.418367347,1.47012987,0.35
ACCOMODATION_HOTEL_SMALL,CBECS_1980_2004,8,NO_ECONOMIZER,0.057142857,0.028571429,False,False,1.0,3.571428571,1.47012987,0.35
ACCOMODATION_HOTEL_SMALL,CBECS_PRE_1980,1,NO_ECONOMIZER,0.0,0.0,False,False,1.0,2.5,1.515151515,0.35
ACCOMODATION_HOTEL_SMALL,CBECS_PRE_1980,2,NO_ECONOMIZER,0.0,0.0,False,False,1.0,2.5,1.515151515,0.35
ACCOMODATION_HOTEL_SMALL,CBECS_PRE_1980,3,NO_ECONOMIZER,0.0,0.0,False,False,1.0,2.5,1.515151515,0.35
ACCOMODATION_HOTEL_SMALL,CBECS_PRE_1980,4,NO_ECONOMIZER,0.0,0.0,False,False,1.0,2.5,1.515151515,0.35
ACCOMODATION_HOTEL_SMALL,CBECS_PRE_1980,5,NO_ECONOMIZER,0.0,0.0,False,False,1.0,2.5,1.515151515,0.35
ACCOMODATION_HOTEL_SMALL,CBECS_PRE_1980,6,NO_ECONOMIZER,0.0,0.0,False,False,1.0,2.5,1.515151515,0.35
ACCOMODATION_HOTEL_SMALL,CBECS_PRE_1980,7,NO_ECONOMIZER,0.0,0.0,False,False,1.0,2.5,1.515151515,0.35
ACCOMODATION_HOTEL_SMALL,CBECS_PRE_1980,8,NO_ECONOMIZER,0.0,0.0,False,False,1.0,2.5,1.515151515,0.35
ACCOMODATION_HOUSE_LOWRISE,ASHRAE_901_2004,1,NO_ECONOMIZER,0.114285714,0.057142857,False,False,1.857142857,2.5,1.280277566,0.35
ACCOMODATION_HOUSE_LOWRISE,ASHRAE_901_2004,2,NO_ECONOMIZER,0.114285714,0.057142857,False,False,1.734693878,2.806122449,1.280277566,0.35
ACCOMODATION_HOUSE_LOWRISE,ASHRAE_901_2004,3,DIFFERENTIAL_DRY_BULB,0.114285714,0.057142857,False,False,1.612244898,3.112244898,1.280277566,0.35
ACCOMODATION_HOUSE_LOWRISE,ASHRAE_901_2004,4,DIFFERENTIAL_DRY_BULB,0.114285714,0.057142857,False,False,1.489795918,3.418367347,1.280277566,0.35
ACCOMODATION_HOUSE_LOWRISE,ASHRAE_901_2004,5,DIFFERENTIAL_DRY_BULB,0.114285714,0.057142857,False,False,1.367346939,3.724489796,1.280277566,0.35
ACCOMODATION_HOUSE_LOWRISE,ASHRAE_901_2004,6,DIFFERENTIAL_DRY_BULB,0.114285714,0.057142857,False,False,1.244897959,4.030612245,1.280277566,0.35
ACCOMODATION_HOUSE_LOWRISE,ASHRAE_901_2004,7,DIFFERENTIAL_DRY_BULB,0.114285714,0.057142857,False,False,1.12244898,4.336734694,1.280277566,0.35
ACCOMODATION_HOUSE_LOWRISE,ASHRAE_901_2004,8,DIFFERENTIAL_DRY_BULB,0.114285714,0.057142857,False,False,1.0,4.642857143,1.280277566,0.35
ACCOMODATION_HOUSE_LOWRISE,ASHRAE_901_2007,1,NO_ECONOMIZER,0.171428571,0.085714286,True,False,2.285714286,2.5,1.264222052,0.35
ACCOMODATION_HOUSE_LOWRISE,ASHRAE_901_2007,2,NO_ECONOMIZER,0.171428571,0.085714286,True,False,2.102040816,2.959183673,1.264222052,0.35
ACCOMODATION_HOUSE_LOWRISE,ASHRAE_901_2007,3,DIFFERENTIAL_DRY_BULB,0.171428571,0.085714286,True,False,1.918367347,3.418367347,1.264222052,0.35
ACCOMODATION_HOUSE_LOWRISE,ASHRAE_901_2007,4,DIFFERENTIAL_DRY_BULB,0.171428571,0.085714286,True,False,1.734693878,3.87755102,1.264222052,0.35
ACCOMODATION_HOUSE_LOWRISE,ASHRAE_901_2007,5,DIFFERENTIAL_DRY_BULB,0.171428571,0.085714286,True,False,1.551020408,4.336734694,1.264222052,0.35
ACCOMODATION_HOUSE_LOWRISE,ASHRAE_901_2007,6,DIFFERENTIAL_DRY_BULB,0.171428571,0.085714286,True,False,1.367346939,4.795918367,1.264222052,0.35
ACCOMODATION_HOUSE_LOWRISE,ASHRAE_901_2007,7,DIFFERENTIAL_DRY_BULB,0.171428571,0.085714286,True,False,1.183673469,5.255102041,1.264222052,0.35
ACCOMODATION_HOUSE_LOWRISE,ASHRAE_901_2007,8,DIFFERENTIAL_DRY_BULB,0.171428571,0.085714286,True,False,1.0,5.714285714,1.264222052,0.35
ACCOMODATION_HOUSE_LOWRISE,ASHRAE_901_2010,1,NO_ECONOMIZER,0.228571429,0.114285714,True,False,2.714285714,2.5,1.248166539,0.35
ACCOMODATION_HOUSE_LOWRISE,ASHRAE_901_2010,2,NO_ECONOMIZER,0.228571429,0.114285714,True,False,2.469387755,3.112244898,1.248166539,0.35
ACCOMODATION_HOUSE_LOWRISE,ASHRAE_901_2010,3,DIFFERENTIAL_DRY_BULB,0.228571429,0.114285714,True,False,2.224489796,3.724489796,1.248166539,0.35
ACCOMODATION_HOUSE_LOWRISE,ASHRAE_901_2010,4,DIFFERENTIAL_DRY_BULB,0.228571429,0.114285714,True,False,1.979591837,4.336734694,1.248166539,0.35
ACCOMODATION_HOUSE_LOWRISE,ASHRAE_901_2010,5,DIFFERENTIAL_DRY_BULB,0.228571429,0.114285714,True,False,1.734693878,4.948979592,1.248166539,0.35
ACCOMODATION_HOUSE_LOWRISE,ASHRAE_901_2010,6,DIFFERENTIAL_DRY_BULB,0.228571429,0.114285714,True,False,1.489795918,5.56122449,1.248166539,0.35
ACCOMODATION_HOUSE_LOWRISE,ASHRAE_901_2010,7,DIFFERENTIAL_DRY_BULB,0.228571429,0.114285714,True,False,1.244897959,6.173469388,1.248166539,0.35
ACCOMODATION_HOUSE_LOWRISE,ASHRAE_901_2010,8,DIFFERENTIAL_DRY_BULB,0.228571429,0.114285714,True,False,1.0,6.785714286,1.248166539,0.35
ACCOMODATION_HOUSE_LOWRISE,ASHRAE_901_2013,1,NO_ECONOMIZER,0.285714286,0.142857143,True,False,3.142857143,2.5,1.232111026,0.35
ACCOMODATION_HOUSE_LOWRISE,ASHRAE_901_2013,2,NO_ECONOMIZER,0.285714286,0.142857143,True,False,2.836734694,3.265306122,1.232111026,0.35
ACCOMODATION_HOUSE_LOWRISE,ASHRAE_901_2013,3,DIFFERENTIAL_DRY_BULB,0.285714286,0.142857143,True,False,2.530612245,4.030612245,1.232111026,0.35
ACCOMODATION_HOUSE_LOWRISE,ASHRAE_901_2013,4,DIFFERENTIAL_DRY_BULB,0.285714286,0.142857143,True,False,2.224489796,4.795918367,1.232111026,0.35
ACCOMODATION_HOUSE_LOWRISE,ASHRAE_901_2013,5,DIFFERENTIAL_DRY_BULB,0.285714286,0.142857143,True,False,1.918367347,5.56122449,1.232111026,0.35
ACCOMODATION_HOUSE_LOWRISE,ASHRAE_901_2013,6,DIFFERENTIAL_DRY_BULB,0.285714286,0.142857143,True,False,1.612244898,6.326530612,1.232111026,0.35
ACCOMODATION_HOUSE_LOWRISE,ASHRAE_901_2013,7,DIFFERENTIAL_DRY_BULB,0.285714286,0.142857143,True,False,1.306122449,7.091836735,1.232111026,0.35
ACCOMODATION_HOUSE_LOWRISE,ASHRAE_901_2013,8,DIFFERENTIAL_DRY_BULB,0.285714286,0.142857143,True,False,1.0,7.857142857,1.232111026,0.35
ACCOMODATION_HOUSE_LOWRISE,ASHRAE_901_2016,1,NO_ECONOMIZER,0.342857143,0.171428571,True,False,3.571428571,2.5,1.216055513,0.35
ACCOMODATION_HOUSE_LOWRISE,ASHRAE_901_2016,2,NO_ECONOMIZER,0.342857143,0.171428571,True,False,3.204081633,3.418367347,1.216055513,0.35
ACCOMODATION_HOUSE_LOWRISE,ASHRAE_901_2016,3,DIFFERENTIAL_DRY_BULB,0.342857143,0.171428571,True,False,2.836734694,4.336734694,1.216055513,0.35
ACCOMODATION_HOUSE_LOWRISE,ASHRAE_901_2016,4,DIFFERENTIAL_DRY_BULB,0.342857143,0.171428571,True,False,2.469387755,5.255102041,1.216055513,0.35
ACCOMODATION_HOUSE_LOWRISE,ASHRAE_901_2016,5,DIFFERENTIAL_DRY_BULB,0.342857143,0.171428571,True,False,2.102040816,6.173469388,1.216055513,0.35
ACCOMODATION_HOUSE_LOWRISE,ASHRAE_901_2016,6,DIFFERENTIAL_DRY_BULB,0.342857143,0.171428571,True,False,1.734693878,7.091836735,1.216055513,0.35
ACCOMODATION_HOUSE_LOWRISE,ASHRAE_901_2016,7,DIFFERENTIAL_DRY_BULB,0.342857143,0.171428571,True,False,1.367346939,8.010204082,1.216055513,0.35
ACCOMODATION_HOUSE_LOWRISE,ASHRAE_901_2016,8,DIFFERENTIAL_DRY_BULB,0.342857143,0.171428571,True,False,1.0,8.928571429,1.216055513,0.35
ACCOMODATION_HOUSE_LOWRISE,ASHRAE_901_2019,1,NO_ECONOMIZER,0.4,0.2,True,False,4.0,2.5,1.2,0.35
ACCOMODATION_HOUSE_LOWRISE,ASHRAE_901_2019,2,NO_ECONOMIZER,0.4,0.2,True,False,3.571428571,3.571428571,1.2,0.35
ACCOMODATION_HOUSE_LOWRISE,ASHRAE_901_2019,3,DIFFERENTIAL_DRY_BULB,0.4,0.2,True,False,3.142857143,4.642857143,1.2,0.35
ACCOMODATION_HOUSE_LOWRISE,ASHRAE_901_2019,4,DIFFERENTIAL_DRY_BULB,0.4,0.2,True,False,2.714285714,5.714285714,1.2,0.35
ACCOMODATION_HOUSE_LOWRISE,ASHRAE_901_2019,5,DIFFERENTIAL_DRY_BULB,0.4,0.2,True,False,2.285714286,6.785714286,1.2,0.35
ACCOMODATION_HOUSE_LOWRISE,ASHRAE_901_2019,6,DIFFERENTIAL_DRY_BULB,0.4,0.2,True,False,1.857142857,7.857142857,1.2,0.35
ACCOMODATION_HOUSE_LOWRISE,ASHRAE_901_2019,7,DIFFERENTIAL_DRY_BULB,0.4,0.2,True,False,1.428571429,8.928571429,1.2,0.35
ACCOMODATION_HOUSE_LOWRISE,ASHRAE_901_2019,8,DIFFERENTIAL_DRY_BULB,0.4,0.2,True,False,1.0,10.0,1.2,0.35
ACCOMODATION_HOUSE_LOWRISE,CBECS_1980_2004,1,NO_ECONOMIZER,0.057142857,0.028571429,False,False,1.428571429,2.5,1.296333079,0.35
ACCOMODATION_HOUSE_LOWRISE,CBECS_1980_2004,2,NO_ECONOMIZER,0.057142857,0.028571429,False,False,1.367346939,2.653061224,1.296333079,0.35
ACCOMODATION_HOUSE_LOWRISE,CBECS_1980_2004,3,NO_ECONOMIZER,0.057142857,0.028571429,False,False,1.306122449,2.806122449,1.296333079,0.35
ACCOMODATION_HOUSE_LOWRISE,CBECS_1980_2004,4,NO_ECONOMIZER,0.057142857,0.028571429,False,False,1.244897959,2.959183673,1.296333079,0.35
ACCOMODATION_HOUSE_LOWRISE,CBECS_1980_2004,5,NO_ECONOMIZER,0.057142857,0.028571429,False,False,1.183673469,3.112244898,1.296333079,0.35
ACCOMODATION_HOUSE_LOWRISE,CBECS_1980_2004,6,NO_ECONOMIZER,0.057142857,0.028571429,False,False,1.12244898,3.265306122,1.296333079,0.35
ACCOMODATION_HOUSE_LOWRISE,CBECS_1980_2004,7,NO_ECONOMIZER,0.057142857,0.028571429,False,False,1.06122449,3.418367347,1.296333079,0.35
ACCOMODATION_HOUSE_LOWRISE,CBECS_1980_2004,8,NO_ECONOMIZER,0.057142857,0.028571429,False,False,1.0,3.571428571,1.296333079,0.35
ACCOMODATION_HOUSE_LOWRISE,CBECS_PRE_1980,1,NO_ECONOMIZER,0.0,0.0,False,False,1.0,2.5,1.312388592,0.35
ACCOMODATION_HOUSE_LOWRISE,CBECS_PRE_1980,2,NO_ECONOMIZER,0.0,0.0,False,False,1.0,2.5,1.312388592,0.35
ACCOMODATION_HOUSE_LOWRISE,CBECS_PRE_1980,3,NO_ECONOMIZER,0.0,0.0,False,False,1.0,2.5,1.312388592,0.35
ACCOMODATION_HOUSE_LOWRISE,CBECS_PRE_1980,4,NO_ECONOMIZER,0.0,0.0,False,False,1.0,2.5,1.312388592,0.35
ACCOMODATION_HOUSE_LOWRISE,CBECS_PRE_1980,5,NO_ECONOMIZER,0.0,0.0,False,False,1.0,2.5,1.312388592,0.35
ACCOMODATION_HOUSE_LOWRISE,CBECS_PRE_1980,6,NO_ECONOMIZER,0.0,0.0,False,False,1.0,2.5,1.312388592,0.35
ACCOMODATION_HOUSE_LOWRISE,CBECS_PRE_1980,7,NO_ECONOMIZER,0.0,0.0,False,False,1.0,2.5,1.312388592,0.35
ACCOMODATION_HOUSE_LOWRISE,CBECS_PRE_1980,8,NO_ECONOMIZER,0.0,0.0,False,False,1.0,2.5,1.312388592,0.35
CIVIC_CONCERT_HALL,ASHRAE_901_2004,1,NO_ECONOMIZER,0.114285714,0.057142857,False,True,1.857142857,2.5,1.2,0.35
CIVIC_CONCERT_HALL,ASHRAE_901_2004,2,NO_ECONOMIZER,0.114285714,0.057142857,False,True,1.734693878,2.806122449,1.2,0.35
CIVIC_CONCERT_HALL,ASHRAE_901_2004,3,DIFFERENTIAL_DRY_BULB,0.114285714,0.057142857,False,True,1.612244898,3.112244898,1.2,0.35
CIVIC_CONCERT_HALL,ASHRAE_901_2004,4,DIFFERENTIAL_DRY_BULB,0.114285714,0.057142857,False,True,1.489795918,3.418367347,1.2,0.35
CIVIC_CONCERT_HALL,ASHRAE_901_2004,5,DIFFERENTIAL_DRY_BULB,0.114285714,0.057142857,False,True,1.367346939,3.724489796,1.2,0.35
CIVIC_CONCERT_HALL,ASHRAE_901_2004,6,DIFFERENTIAL_DRY_BULB,0.114285714,0.057142857,False,True,1.244897959,4.030612245,1.2,0.35
CIVIC_CONCERT_HALL,ASHRAE_901_2004,7,DIFFERENTIAL_DRY_BULB,0.114285714,0.057142857,False,True,1.12244898,4.336734694,1.2,0.35
CIVIC_CONCERT_HALL,ASHRAE_901_2004,8,DIFFERENTIAL_DRY_BULB,0.114285714,0.057142857,False,True,1.0,4.642857143,1.2,0.35
CIVIC_CONCERT_HALL,ASHRAE_901_2007,1,NO_ECONOMIZER,0.171428571,0.085714286,False,True,2.285714286,2.5,1.2,0.35
CIVIC_CONCERT_HALL,ASHRAE_901_2007,2,NO_ECONOMIZER,0.171428571,0.085714286,False,True,2.102040816,2.959183673,1.2,0.35
CIVIC_CONCERT_HALL,ASHRAE_901_2007,3,DIFFERENTIAL_DRY_BULB,0.171428571,0.085714286,False,True,1.918367347,3.418367347,1.2,0.35
CIVIC_CONCERT_HALL,ASHRAE_901_2007,4,DIFFERENTIAL_DRY_BULB,0.171428571,0.085714286,False,True,1.734693878,3.87755102,1.2,0.35
CIVIC_CONCERT_HALL,ASHRAE_901_2007,5,DIFFERENTIAL_DRY_BULB,0.171428571,0.085714286,False,True,1.551020408,4.336734694,1.2,0.35
CIVIC_CONCERT_HALL,ASHRAE_901_2007,6,DIFFERENTIAL_DRY_BULB,0.171428571,0.085714286,False,True,1.367346939,4.795918367,1.2,0.35
CIVIC_CONCERT_HALL,ASHRAE_901_2007,7,DIFFERENTIAL_DRY_BULB,0.171428571,0.085714286,False,True,1.183673469,5.255102041,1.2,0.35
CIVIC_CONCERT_HALL,ASHRAE_901_2007,8,DIFFERENTIAL_DRY_BULB,0.171428571,0.085714286,False,True,1.0,5.714285714,1.2,0.35
CIVIC_CONCERT_HALL,ASHRAE_901_2010,1,NO_ECONOMIZER,0.228571429,0.114285714,False,True,2.714285714,2.5,1.2,0.35
CIVIC_CONCERT_HALL,ASHRAE_901_2010,2,NO_ECONOMIZER,0.228571429,0.114285714,False,True,2.469387755,3.112244898,1.2,0.35
CIVIC_CONCERT_HALL,ASHRAE_901_2010,3,DIFFERENTIAL_DRY_BULB,0.228571429,0.114285714,False,True,2.224489796,3.724489796,1.2,0.35
CIVIC_CONCERT_HALL,ASHRAE_901_2010,4,DIFFERENTIAL_DRY_BULB,0.228571429,0.114285714,False,True,1.979591837,4.336734694,1.2,0.35
CIVIC_CONCERT_HALL,ASHRAE_901_2010,5,DIFFERENTIAL_DRY_BULB,0.228571429,0.114285714,False,True,1.734693878,4.948979592,1.2,0.35
CIVIC_CONCERT_HALL,ASHRAE_901_2010,6,DIFFERENTIAL_DRY_BULB,0.228571429,0.114285714,False,True,1.489795918,5.56122449,1.2,0.35
CIVIC_CONCERT_HALL,ASHRAE_901_2010,7,DIFFERENTIAL_DRY_BULB,0.228571429,0.114285714,False,True,1.244897959,6.173469388,1.2,0.35
CIVIC_CONCERT_HALL,ASHRAE_901_2010,8,DIFFERENTIAL_DRY_BULB,0.228571429,0.114285714,False,True,1.0,6.785714286,1.2,0.35
CIVIC_CONCERT_HALL,ASHRAE_901_2013,1,NO_ECONOMIZER,0.285714286,0.142857143,False,True,3.142857143,2.5,1.2,0.35
CIVIC_CONCERT_HALL,ASHRAE_901_2013,2,NO_ECONOMIZER,0.285714286,0.142857143,False,True,2.836734694,3.265306122,1.2,0.35
CIVIC_CONCERT_HALL,ASHRAE_901_2013,3,DIFFERENTIAL_DRY_BULB,0.285714286,0.142857143,False,True,2.530612245,4.030612245,1.2,0.35
CIVIC_CONCERT_HALL,ASHRAE_901_2013,4,DIFFERENTIAL_DRY_BULB,0.285714286,0.142857143,False,True,2.224489796,4.795918367,1.2,0.35
CIVIC_CONCERT_HALL,ASHRAE_901_2013,5,DIFFERENTIAL_DRY_BULB,0.285714286,0.142857143,False,True,1.918367347,5.56122449,1.2,0.35
CIVIC_CONCERT_HALL,ASHRAE_901_2013,6,DIFFERENTIAL_DRY_BULB,0.285714286,0.142857143,False,True,1.612244898,6.326530612,1.2,0.35
CIVIC_CONCERT_HALL,ASHRAE_901_2013,7,DIFFERENTIAL_DRY_BULB,0.285714286,0.142857143,False,True,1.306122449,7.091836735,1.2,0.35
CIVIC_CONCERT_HALL,ASHRAE_901_2013,8,DIFFERENTIAL_DRY_BULB,0.285714286,0.142857143,False,True,1.0,7.857142857,1.2,0.35
CIVIC_CONCERT_HALL,ASHRAE_901_2016,1,NO_ECONOMIZER,0.342857143,0.171428571,False,True,3.571428571,2.5,1.2,0.35
CIVIC_CONCERT_HALL,ASHRAE_901_2016,2,NO_ECONOMIZER,0.342857143,0.171428571,False,True,3.204081633,3.418367347,1.2,0.35
CIVIC_CONCERT_HALL,ASHRAE_901_2016,3,DIFFERENTIAL_DRY_BULB,0.342857143,0.171428571,False,True,2.836734694,4.336734694,1.2,0.35
CIVIC_CONCERT_HALL,ASHRAE_901_2016,4,DIFFERENTIAL_DRY_BULB,0.342857143,0.171428571,False,True,2.469387755,5.255102041,1.2,0.35
CIVIC_CONCERT_HALL,ASHRAE_901_2016,5,DIFFERENTIAL_DRY_BULB,0.342857143,0.171428571,False,True,2.102040816,6.173469388,1.2,0.35
CIVIC_CONCERT_HALL,ASHRAE_901_2016,6,DIFFERENTIAL_DRY_BULB,0.342857143,0.171428571,False,True,1.734693878,7.091836735,1.2,0.35
CIVIC_CONCERT_HALL,ASHRAE_901_2016,7,DIFFERENTIAL_DRY_BULB,0.342857143,0.171428571,False,True,1.367346939,8.010204082,1.2,0.35
CIVIC_CONCERT_HALL,ASHRAE_901_2016,8,DIFFERENTIAL_DRY_BULB,0.342857143,0.171428571,False,True,1.0,8.928571429,1.2,0.35
CIVIC_CONCERT_HALL,ASHRAE_901_2019,1,NO_ECONOMIZER,0.4,0.2,False,True,4.0,2.5,1.2,0.35
CIVIC_CONCERT_HALL,ASHRAE_901_2019,2,NO_ECONOMIZER,0.4,0.2,False,True,3.571428571,3.571428571,1.2,0.35
CIVIC_CONCERT_HALL,ASHRAE_901_2019,3,DIFFERENTIAL_DRY_BULB,0.4,0.2,False,True,3.142857143,4.642857143,1.2,0.35
CIVIC_CONCERT_HALL,ASHRAE_901_2019,4,DIFFERENTIAL_DRY_BULB,0.4,0.2,False,True,2.714285714,5.714285714,1.2,0.35
CIVIC_CONCERT_HALL,ASHRAE_901_2019,5,DIFFERENTIAL_DRY_BULB,0.4,0.2,False,True,2.285714286,6.785714286,1.2,0.35
CIVIC_CONCERT_HALL,ASHRAE_901_2019,6,DIFFERENTIAL_DRY_BULB,0.4,0.2,False,True,1.857142857,7.857142857,1.2,0.35
CIVIC_CONCERT_HALL,ASHRAE_901_2019,7,DIFFERENTIAL_DRY_BULB,0.4,0.2,False,True,1.428571429,8.928571429,1.2,0.35
CIVIC_CONCERT_HALL,ASHRAE_901_2019,8,DIFFERENTIAL_DRY_BULB,0.4,0.2,False,True,1.0,10.0,1.2,0.35
CIVIC_CONCERT_HALL,CBECS_1980_2004,1,NO_ECONOMIZER,0.057142857,0.028571429,False,False,1.428571429,2.5,1.2,0.35
CIVIC_CONCERT_HALL,CBECS_1980_2004,2,NO_ECONOMIZER,0.057142857,0.028571429,False,False,1.367346939,2.653061224,1.2,0.35
CIVIC_CONCERT_HALL,CBECS_1980_2004,3,NO_ECONOMIZER,0.057142857,0.028571429,False,False,1.306122449,2.806122449,1.2,0.35
CIVIC_CONCERT_HALL,CBECS_1980_2004,4,NO_ECONOMIZER,0.057142857,0.028571429,False,False,1.244897959,2.959183673,1.2,0.35
CIVIC_CONCERT_HALL,CBECS_1980_2004,5,NO_ECONOMIZER,0.057142857,0.028571429,False,False,1.183673469,3.112244898,1.2,0.35
CIVIC_CONCERT_HALL,CBECS_1980_2004,6,NO_ECONOMIZER,0.057142857,0.028571429,False,False,1.12244898,3.265306122,1.2,0.35
CIVIC_CONCERT_HALL,CBECS_1980_2004,7,NO_ECONOMIZER,0.057142857,0.028571429,False,False,1.06122449,3.418367347,1.2,0.35
CIVIC_CONCERT_HALL,CBECS_1980_2004,8,NO_ECONOMIZER,0.057142857,0.028571429,False,False,1.0,3.571428571,1.2,0.35
CIVIC_CONCERT_HALL,CBECS_PRE_1980,1,NO_ECONOMIZER,0.0,0.0,False,False,1.0,2.5,1.2,0.35
CIVIC_CONCERT_HALL,CBECS_PRE_1980,2,NO_ECONOMIZER,0.0,0.0,False,False,1.0,2.5,1.2,0.35
CIVIC_CONCERT_HALL,CBECS_PRE_1980,3,NO_ECONOMIZER,0.0,0.0,False,False,1.0,2.5,1.2,0.35
CIVIC_CONCERT_HALL,CBECS_PRE_1980,4,NO_ECONOMIZER,0.0,0.0,False,False,1.0,2.5,1.2,0.35
CIVIC_CONCERT_HALL,CBECS_PRE_1980,5,NO_ECONOMIZER,0.0,0.0,False,False,1.0,2.5,1.2,0.35
CIVIC_CONCERT_HALL,CBECS_PRE_1980,6,NO_ECONOMIZER,0.0,0.0,False,False,1.0,2.5,1.2,0.35
CIVIC_CONCERT_HALL,CBECS_PRE_1980,7,NO_ECONOMIZER,0.0,0.0,False,False,1.0,2.5,1.2,0.35
CIVIC_CONCERT_HALL,CBECS_PRE_1980,8,NO_ECONOMIZER,0.0,0.0,False,False,1.0,2.5,1.2,0.35
CIVIC_COURTHOUSE,ASHRAE_901_2004,1,NO_ECONOMIZER,0.114285714,0.057142857,False,True,1.857142857,2.5,1.30096766,0.35
CIVIC_COURTHOUSE,ASHRAE_901_2004,2,NO_ECONOMIZER,0.114285714,0.057142857,False,True,1.734693878,2.806122449,1.30096766,0.35
CIVIC_COURTHOUSE,ASHRAE_901_2004,3,DIFFERENTIAL_DRY_BULB,0.114285714,0.057142857,False,True,1.612244898,3.112244898,1.30096766,0.35
CIVIC_COURTHOUSE,ASHRAE_901_2004,4,DIFFERENTIAL_DRY_BULB,0.114285714,0.057142857,False,True,1.489795918,3.418367347,1.30096766,0.35
CIVIC_COURTHOUSE,ASHRAE_901_2004,5,DIFFERENTIAL_DRY_BULB,0.114285714,0.057142857,False,True,1.367346939,3.724489796,1.30096766,0.35
CIVIC_COURTHOUSE,ASHRAE_901_2004,6,DIFFERENTIAL_DRY_BULB,0.114285714,0.057142857,False,True,1.244897959,4.030612245,1.30096766,0.35
CIVIC_COURTHOUSE,ASHRAE_901_2004,7,DIFFERENTIAL_DRY_BULB,0.114285714,0.057142857,False,True,1.12244898,4.336734694,1.30096766,0.35
CIVIC_COURTHOUSE,ASHRAE_901_2004,8,DIFFERENTIAL_DRY_BULB,0.114285714,0.057142857,False,True,1.0,4.642857143,1.30096766,0.35
CIVIC_COURTHOUSE,ASHRAE_901_2007,1,NO_ECONOMIZER,0.171428571,0.085714286,True,True,2.285714286,2.5,1.280774128,0.35
CIVIC_COURTHOUSE,ASHRAE_901_2007,2,NO_ECONOMIZER,0.171428571,0.085714286,True,True,2.102040816,2.959183673,1.280774128,0.35
CIVIC_COURTHOUSE,ASHRAE_901_2007,3,DIFFERENTIAL_DRY_BULB,0.171428571,0.085714286,True,True,1.918367347,3.418367347,1.280774128,0.35
CIVIC_COURTHOUSE,ASHRAE_901_2007,4,DIFFERENTIAL_DRY_BULB,0.171428571,0.085714286,True,True,1.734693878,3.87755102,1.280774128,0.35
CIVIC_COURTHOUSE,ASHRAE_901_2007,5,DIFFERENTIAL_DRY_BULB,0.171428571,0.085714286,True,True,1.551020408,4.336734694,1.280774128,0.35
CIVIC_COURTHOUSE,ASHRAE_901_2007,6,DIFFERENTIAL_DRY_BULB,0.171428571,0.085714286,True,True,1.367346939,4.795918367,1.280774128,0.35
CIVIC_COURTHOUSE,ASHRAE_901_2007,7,DIFFERENTIAL_DRY_BULB,0.171428571,0.085714286,True,True,1.183673469,5.255102041,1.280774128,0.35
CIVIC_COURTHOUSE,ASHRAE_901_2007,8,DIFFERENTIAL_DRY_BULB,0.171428571,0.085714286,True,True,1.0,5.714285714,1.280774128,0.35
CIVIC_COURTHOUSE,ASHRAE_901_2010,1,NO_ECONOMIZER,0.228571429,0.114285714,True,True,2.714285714,2.5,1.260580596,0.35
CIVIC_COURTHOUSE,ASHRAE_901_2010,2,NO_ECONOMIZER,0.228571429,0.114285714,True,True,2.469387755,3.112244898,1.260580596,0.35
CIVIC_COURTHOUSE,ASHRAE_901_2010,3,DIFFERENTIAL_DRY_BULB,0.228571429,0.114285714,True,True,2.224489796,3.724489796,1.260580596,0.35
CIVIC_COURTHOUSE,ASHRAE_901_2010,4,DIFFERENTIAL_DRY_BULB,0.228571429,0.114285714,True,True,1.979591837,4.336734694,1.260580596,0.35
CIVIC_COURTHOUSE,ASHRAE_901_2010,5,DIFFERENTIAL_DRY_BULB,0.228571429,0.114285714,True,True,1.734693878,4.948979592,1.260580596,0.35
CIVIC_COURTHOUSE,ASHRAE_901_2010,6,DIFFERENTIAL_DRY_BULB,0.228571429,0.114285714,True,True,1.489795918,5.56122449,1.260580596,0.35
CIVIC_COURTHOUSE,ASHRAE_901_2010,7,DIFFERENTIAL_DRY_BULB,0.228571429,0.114285714,True,True,1.244897959,6.173469388,1.260580596,0.35
CIVIC_COURTHOUSE,ASHRAE_901_2010,8,DIFFERENTIAL_DRY_BULB,0.228571429,0.114285714,True,True,1.0,6.785714286,1.260580596,0.35
CIVIC_COURTHOUSE,ASHRAE_901_2013,1,NO_ECONOMIZER,0.285714286,0.142857143,True,True,3.142857143,2.5,1.240387064,0.35
CIVIC_COURTHOUSE,ASHRAE_901_2013,2,NO_ECONOMIZER,0.285714286,0.142857143,True,True,2.836734694,3.265306122,1.240387064,0.35
CIVIC_COURTHOUSE,ASHRAE_901_2013,3,DIFFERENTIAL_DRY_BULB,0.285714286,0.142857143,True,True,2.530612245,4.030612245,1.240387064,0.35
CIVIC_COURTHOUSE,ASHRAE_901_2013,4,DIFFERENTIAL_DRY_BULB,0.285714286,0.142857143,True,True,2.224489796,4.795918367,1.240387064,0.35
CIVIC_COURTHOUSE,ASHRAE_901_2013,5,DIFFERENTIAL_DRY_BULB,0.285714286,0.142857143,True,True,1.918367347,5.56122449,1.240387064,0.35
CIVIC_COURTHOUSE,ASHRAE_901_2013,6,DIFFERENTIAL_DRY_BULB,0.285714286,0.142857143,True,True,1.612244898,6.326530612,1.240387064,0.35
CIVIC_COURTHOUSE,ASHRAE_901_2013,7,DIFFERENTIAL_DRY_BULB,0.285714286,0.142857143,True,True,1.306122449,7.091836735,1.240387064,0.35
CIVIC_COURTHOUSE,ASHRAE_901_2013,8,DIFFERENTIAL_DRY_BULB,0.285714286,0.142857143,True,True,1.0,7.857142857,1.240387064,0.35
CIVIC_COURTHOUSE,ASHRAE_901_2016,1,NO_ECONOMIZER,0.342857143,0.171428571,True,True,3.571428571,2.5,1.220193532,0.35
CIVIC_COURTHOUSE,ASHRAE_901_2016,2,NO_ECONOMIZER,0.342857143,0.171428571,True,True,3.204081633,3.418367347,1.220193532,0.35
CIVIC_COURTHOUSE,ASHRAE_901_2016,3,DIFFERENTIAL_DRY_BULB,0.342857143,0.171428571,True,True,2.836734694,4.336734694,1.220193532,0.35
CIVIC_COURTHOUSE,ASHRAE_901_2016,4,DIFFERENTIAL_DRY_BULB,0.342857143,0.171428571,True,True,2.469387755,5.255102041,1.220193532,0.35
CIVIC_COURTHOUSE,ASHRAE_901_2016,5,DIFFERENTIAL_DRY_BULB,0.342857143,0.171428571,True,True,2.102040816,6.173469388,1.220193532,0.35
CIVIC_COURTHOUSE,ASHRAE_901_2016,6,DIFFERENTIAL_DRY_BULB,0.342857143,0.171428571,True,True,1.734693878,7.091836735,1.220193532,0.35
CIVIC_COURTHOUSE,ASHRAE_901_2016,7,DIFFERENTIAL_DRY_BULB,0.342857143,0.171428571,True,True,1.367346939,8.010204082,1.220193532,0.35
CIVIC_COURTHOUSE,ASHRAE_901_2016,8,DIFFERENTIAL_DRY_BULB,0.342857143,0.171428571,True,True,1.0,8.928571429,1.220193532,0.35
CIVIC_COURTHOUSE,ASHRAE_901_2019,1,NO_ECONOMIZER,0.4,0.2,True,True,4.0,2.5,1.2,0.35
CIVIC_COURTHOUSE,ASHRAE_901_2019,2,NO_ECONOMIZER,0.4,0.2,True,True,3.571428571,3.571428571,1.2,0.35
CIVIC_COURTHOUSE,ASHRAE_901_2019,3,DIFFERENTIAL_DRY_BULB,0.4,0.2,True,True,3.142857143,4.642857143,1.2,0.35
CIVIC_COURTHOUSE,ASHRAE_901_2019,4,DIFFERENTIAL_DRY_BULB,0.4,0.2,True,True,2.714285714,5.714285714,1.2,0.35
CIVIC_COURTHOUSE,ASHRAE_901_2019,5,DIFFERENTIAL_DRY_BULB,0.4,0.2,True,True,2.285714286,6.785714286,1.2,0.35
CIVIC_COURTHOUSE,ASHRAE_901_2019,6,DIFFERENTIAL_DRY_BULB,0.4,0.2,True,True,1.857142857,7.857142857,1.2,0.35
CIVIC_COURTHOUSE,ASHRAE_901_2019,7,DIFFERENTIAL_DRY_BULB,0.4,0.2,True,True,1.428571429,8.928571429,1.2,0.35
CIVIC_COURTHOUSE,ASHRAE_901_2019,8,DIFFERENTIAL_DRY_BULB,0.4,0.2,True,True,1.0,10.0,1.2,0.35
CIVIC_COURTHOUSE,CBECS_1980_2004,1,NO_ECONOMIZER,0.057142857,0.028571429,False,False,1.428571429,2.5,1.321161192,0.35
CIVIC_COURTHOUSE,CBECS_1980_2004,2,NO_ECONOMIZER,0.057142857,0.028571429,False,False,1.367346939,2.653061224,1.321161192,0.35
CIVIC_COURTHOUSE,CBECS_1980_2004,3,NO_ECONOMIZER,0.057142857,0.028571429,False,False,1.306122449,2.806122449,1.321161192,0.35
CIVIC_COURTHOUSE,CBECS_1980_2004,4,NO_ECONOMIZER,0.057142857,0.028571429,False,False,1.244897959,2.959183673,1.321161192,0.35
CIVIC_COURTHOUSE,CBECS_1980_2004,5,NO_ECONOMIZER,0.057142857,0.028571429,False,False,1.183673469,3.112244898,1.321161192,0.35
CIVIC_COURTHOUSE,CBECS_1980_2004,6,NO_ECONOMIZER,0.057142857,0.028571429,False,False,1.12244898,3.265306122,1.321161192,0.35
CIVIC_COURTHOUSE,CBECS_1980_2004,7,NO_ECONOMIZER,0.057142857,0.028571429,False,False,1.06122449,3.418367347,1.321161192,0.35
CIVIC_COURTHOUSE,CBECS_1980_2004,8,NO_ECONOMIZER,0.057142857,0.028571429,False,False,1.0,3.571428571,1.321161192,0.35
CIVIC_COURTHOUSE,CBECS_PRE_1980,1,NO_ECONOMIZER,0.0,0.0,False,False,1.0,2.5,1.341354724,0.35
CIVIC_COURTHOUSE,CBECS_PRE_1980,2,NO_ECONOMIZER,0.0,0.0,False,False,1.0,2.5,1.341354724,0.35
CIVIC_COURTHOUSE,CBECS_PRE_1980,3,NO_ECONOMIZER,0.0,0.0,False,False,1.0,2.5,1.341354724,0.35
CIVIC_COURTHOUSE,CBECS_PRE_1980,4,NO_ECONOMIZER,0.0,0.0,False,False,1.0,2.5,1.341354724,0.35
CIVIC_COURTHOUSE,CBECS_PRE_1980,5,NO_ECONOMIZER,0.0,0.0,False,False,1.0,2.5,1.341354724,0.35
CIVIC_COURTHOUSE,CBECS_PRE_1980,6,NO_ECONOMIZER,0.0,0.0,False,False,1.0,2.5,1.341354724,0.35
CIVIC_COURTHOUSE,CBECS_PRE_1980,7,NO_ECONOMIZER,0.0,0.0,False,False,1.0,2.5,1.341354724,0.35
CIVIC_COURTHOUSE,CBECS_PRE_1980,8,NO_ECONOMIZER,0.0,0.0,False,False,1.0,2.5,1.341354724,0.35
CIVIC_LIBRARY,ASHRAE_901_2004,1,NO_ECONOMIZER,0.114285714,0.057142857,False,True,1.857142857,2.5,1.222345302,0.35
CIVIC_LIBRARY,ASHRAE_901_2004,2,NO_ECONOMIZER,0.114285714,0.057142857,False,True,1.734693878,2.806122449,1.222345302,0.35
CIVIC_LIBRARY,ASHRAE_901_2004,3,DIFFERENTIAL_DRY_BULB,0.114285714,0.057142857,False,True,1.612244898,3.112244898,1.222345302,0.35
CIVIC_LIBRARY,ASHRAE_901_2004,4,DIFFERENTIAL_DRY_BULB,0.114285714,0.057142857,False,True,1.489795918,3.418367347,1.222345302,0.35
CIVIC_LIBRARY,ASHRAE_901_2004,5,DIFFERENTIAL_DRY_BULB,0.114285714,0.057142857,False,True,1.367346939,3.724489796,1.222345302,0.35
CIVIC_LIBRARY,ASHRAE_901_2004,6,DIFFERENTIAL_DRY_BULB,0.114285714,0.057142857,False,True,1.244897959,4.030612245,1.222345302,0.35
CIVIC_LIBRARY,ASHRAE_901_2004,7,DIFFERENTIAL_DRY_BULB,0.114285714,0.057142857,False,True,1.12244898,4.336734694,1.222345302,0.35
CIVIC_LIBRARY,ASHRAE_901_2004,8,DIFFERENTIAL_DRY_BULB,0.114285714,0.057142857,False,True,1.0,4.642857143,1.222345302,0.35
CIVIC_LIBRARY,ASHRAE_901_2007,1,NO_ECONOMIZER,0.171428571,0.085714286,True,True,2.285714286,2.5,1.217876241,0.35
CIVIC_LIBRARY,ASHRAE_901_2007,2,NO_ECONOMIZER,0.171428571,0.085714286,True,True,2.102040816,2.959183673,1.217876241,0.35
CIVIC_LIBRARY,ASHRAE_901_2007,3,DIFFERENTIAL_DRY_BULB,0.171428571,0.085714286,True,True,1.918367347,3.418367347,1.217876241,0.35
CIVIC_LIBRARY,ASHRAE_901_2007,4,DIFFERENTIAL_DRY_BULB,0.171428571,0.085714286,True,True,1.734693878,3.87755102,1.217876241,0.35
CIVIC_LIBRARY,ASHRAE_901_2007,5,DIFFERENTIAL_DRY_BULB,0.171428571,0.085714286,True,True,1.551020408,4.336734694,1.217876241,0.35
CIVIC_LIBRARY,ASHRAE_901_2007,6,DIFFERENTIAL_DRY_BULB,0.171428571,0.085714286,True,True,1.367346939,4.795918367,1.217876241,0.35
CIVIC_LIBRARY,ASHRAE_901_2007,7,DIFFERENTIAL_DRY_BULB,0.171428571,0.085714286,True,True,1.183673469,5.255102041,1.217876241,0.35
CIVIC_LIBRARY,ASHRAE_901_2007,8,DIFFERENTIAL_DRY_BULB,0.171428571,0.085714286,True,True,1.0,5.714285714,1.217876241,0.35
CIVIC_LIBRARY,ASHRAE_901_2010,1,NO_ECONOMIZER,0.228571429,0.114285714,True,True,2.714285714,2.5,1.213407181,0.35
CIVIC_LIBRARY,ASHRAE_901_2010,2,NO_ECONOMIZER,0.228571429,0.114285714,True,True,2.469387755,3.112244898,1.213407181,0.35
CIVIC_LIBRARY,ASHRAE_901_2010,3,DIFFERENTIAL_DRY_BULB,0.228571429,0.114285714,True,True,2.224489796,3.724489796,1.213407181,0.35
CIVIC_LIBRARY,ASHRAE_901_2010,4,DIFFERENTIAL_DRY_BULB,0.228571429,0.114285714,True,True,1.979591837,4.336734694,1.213407181,0.35
CIVIC_LIBRARY,ASHRAE_901_2010,5,DIFFERENTIAL_DRY_BULB,0.228571429,0.114285714,True,True,1.734693878,4.948979592,1.213407181,0.35
CIVIC_LIBRARY,ASHRAE_901_2010,6,DIFFERENTIAL_DRY_BULB,0.228571429,0.114285714,True,True,1.489795918,5.56122449,1.213407181,0.35
CIVIC_LIBRARY,ASHRAE_901_2010,7,DIFFERENTIAL_DRY_BULB,0.228571429,0.114285714,True,True,1.244897959,6.173469388,1.213407181,0.35
CIVIC_LIBRARY,ASHRAE_901_2010,8,DIFFERENTIAL_DRY_BULB,0.228571429,0.114285714,True,True,1.0,6.785714286,1.213407181,0.35
CIVIC_LIBRARY,ASHRAE_901_2013,1,NO_ECONOMIZER,0.285714286,0.142857143,True,True,3.142857143,2.5,1.208938121,0.35
CIVIC_LIBRARY,ASHRAE_901_2013,2,NO_ECONOMIZER,0.285714286,0.142857143,True,True,2.836734694,3.265306122,1.208938121,0.35
CIVIC_LIBRARY,ASHRAE_901_2013,3,DIFFERENTIAL_DRY_BULB,0.285714286,0.142857143,True,True,2.530612245,4.030612245,1.208938121,0.35
CIVIC_LIBRARY,ASHRAE_901_2013,4,DIFFERENTIAL_DRY_BULB,0.285714286,0.142857143,True,True,2.224489796,4.795918367,1.208938121,0.35
CIVIC_LIBRARY,ASHRAE_901_2013,5,DIFFERENTIAL_DRY_BULB,0.285714286,0.142857143,True,True,1.918367347,5.56122449,1.208938121,0.35
CIVIC_LIBRARY,ASHRAE_901_2013,6,DIFFERENTIAL_DRY_BULB,0.285714286,0.142857143,True,True,1.612244898,6.326530612,1.208938121,0.35
CIVIC_LIBRARY,ASHRAE_901_2013,7,DIFFERENTIAL_DRY_BULB,0.285714286,0.142857143,True,True,1.306122449,7.091836735,1.208938121,0.35
CIVIC_LIBRARY,ASHRAE_901_2013,8,DIFFERENTIAL_DRY_BULB,0.285714286,0.142857143,True,True,1.0,7.857142857,1.208938121,0.35
CIVIC_LIBRARY,ASHRAE_901_2016,1,NO_ECONOMIZER,0.342857143,0.171428571,True,True,3.571428571,2.5,1.20446906,0.35
CIVIC_LIBRARY,ASHRAE_901_2016,2,NO_ECONOMIZER,0.342857143,0.171428571,True,True,3.204081633,3.418367347,1.20446906,0.35
CIVIC_LIBRARY,ASHRAE_901_2016,3,DIFFERENTIAL_DRY_BULB,0.342857143,0.171428571,True,True,2.836734694,4.336734694,1.20446906,0.35
CIVIC_LIBRARY,ASHRAE_901_2016,4,DIFFERENTIAL_DRY_BULB,0.342857143,0.171428571,True,True,2.469387755,5.255102041,1.20446906,0.35
CIVIC_LIBRARY,ASHRAE_901_2016,5,DIFFERENTIAL_DRY_BULB,0.342857143,0.171428571,True,True,2.102040816,6.173469388,1.20446906,0.35
CIVIC_LIBRARY,ASHRAE_901_2016,6,DIFFERENTIAL_DRY_BULB,0.342857143,0.171428571,True,True,1.734693878,7.091836735,1.20446906,0.35
CIVIC_LIBRARY,ASHRAE_901_2016,7,DIFFERENTIAL_DRY_BULB,0.342857143,0.171428571,True,True,1.367346939,8.010204082,1.20446906,0.35
CIVIC_LIBRARY,ASHRAE_901_2016,8,DIFFERENTIAL_DRY_BULB,0.342857143,0.171428571,True,True,1.0,8.928571429,1.20446906,0.35
CIVIC_LIBRARY,ASHRAE_901_2019,1,NO_ECONOMIZER,0.4,0.2,True,True,4.0,2.5,1.2,0.35
CIVIC_LIBRARY,ASHRAE_901_2019,2,NO_ECONOMIZER,0.4,0.2,True,True,3.571428571,3.571428571,1.2,0.35
CIVIC_LIBRARY,ASHRAE_901_2019,3,DIFFERENTIAL_DRY_BULB,0.4,0.2,True,True,3.142857143,4.642857143,1.2,0.35
CIVIC_LIBRARY,ASHRAE_901_2019,4,DIFFERENTIAL_DRY_BULB,0.4,0.2,True,True,2.714285714,5.714285714,1.2,0.35
CIVIC_LIBRARY,ASHRAE_901_2019,5,DIFFERENTIAL_DRY_BULB,0.4,0.2,True,True,2.285714286,6.785714286,1.2,0.35
CIVIC_LIBRARY,ASHRAE_901_2019,6,DIFFERENTIAL_DRY_BULB,0.4,0.2,True,True,1.857142857,7.857142857,1.2,0.35
CIVIC_LIBRARY,ASHRAE_901_2019,7,DIFFERENTIAL_DRY_BULB,0.4,0.2,True,True,1.428571429,8.928571429,1.2,0.35
CIVIC_LIBRARY,ASHRAE_901_2019,8,DIFFERENTIAL_DRY_BULB,0.4,0.2,True,True,1.0,10.0,1.2,0.35
CIVIC_LIBRARY,CBECS_1980_2004,1,NO_ECONOMIZER,0.057142857,0.028571429,False,False,1.428571429,2.5,1.226814362,0.35
CIVIC_LIBRARY,CBECS_1980_2004,2,NO_ECONOMIZER,0.057142857,0.028571429,False,False,1.367346939,2.653061224,1.226814362,0.35
CIVIC_LIBRARY,CBECS_1980_2004,3,NO_ECONOMIZER,0.057142857,0.028571429,False,False,1.306122449,2.806122449,1.226814362,0.35
CIVIC_LIBRARY,CBECS_1980_2004,4,NO_ECONOMIZER,0.057142857,0.028571429,False,False,1.244897959,2.959183673,1.226814362,0.35
CIVIC_LIBRARY,CBECS_1980_2004,5,NO_ECONOMIZER,0.057142857,0.028571429,False,False,1.183673469,3.112244898,1.226814362,0.35
CIVIC_LIBRARY,CBECS_1980_2004,6,NO_ECONOMIZER,0.057142857,0.028571429,False,False,1.12244898,3.265306122,1.226814362,0.35
CIVIC_LIBRARY,CBECS_1980_2004,7,NO_ECONOMIZER,0.057142857,0.028571429,False,False,1.06122449,3.418367347,1.226814362,0.35
CIVIC_LIBRARY,CBECS_1980_2004,8,NO_ECONOMIZER,0.057142857,0.028571429,False,False,1.0,3.571428571,1.226814362,0.35
CIVIC_LIBRARY,CBECS_PRE_1980,1,NO_ECONOMIZER,0.0,0.0,False,False,1.0,2.5,1.231283422,0.35
CIVIC_LIBRARY,CBECS_PRE_1980,2,NO_ECONOMIZER,0.0,0.0,False,False,1.0,2.5,1.231283422,0.35
CIVIC_LIBRARY,CBECS_PRE_1980,3,NO_ECONOMIZER,0.0,0.0,False,False,1.0,2.5,1.231283422,0.35
CIVIC_LIBRARY,CBECS_PRE_1980,4,NO_ECONOMIZER,0.0,0.0,False,False,1.0,2.5,1.231283422,0.35
CIVIC_LIBRARY,CBECS_PRE_1980,5,NO_ECONOMIZER,0.0,0.0,False,False,1.0,2.5,1.231283422,0.35
CIVIC_LIBRARY,CBECS_PRE_1980,6,NO_ECONOMIZER,0.0,0.0,False,False,1.0,2.5,1.231283422,0.35
CIVIC_LIBRARY,CBECS_PRE_1980,7,NO_ECONOMIZER,0.0,0.0,False,False,1.0,2.5,1.231283422,0.35
CIVIC_LIBRARY,CBECS_PRE_1980,8,NO_ECONOMIZER,0.0,0.0,False,False,1.0,2.5,1.231283422,0.35
COMMERCIAL_OFFICE_LARGE,ASHRAE_901_2004,1,NO_ECONOMIZER,0.114285714,0.057142857,False,True,1.857142857,2.5,2.128571429,0.35
COMMERCIAL_OFFICE_LARGE,ASHRAE_901_2004,2,NO_ECONOMIZER,0.114285714,0.057142857,False,True,1.734693878,2.806122449,2.128571429,0.35
COMMERCIAL_OFFICE_LARGE,ASHRAE_901_2004,3,DIFFERENTIAL_DRY_BULB,0.114285714,0.057142857,False,True,1.612244898,3.112244898,2.128571429,0.35
COMMERCIAL_OFFICE_LARGE,ASHRAE_901_2004,4,DIFFERENTIAL_DRY_BULB,0.114285714,0.057142857,False,True,1.489795918,3.418367347,2.128571429,0.35
COMMERCIAL_OFFICE_LARGE,ASHRAE_901_2004,5,DIFFERENTIAL_DRY_BULB,0.114285714,0.057142857,False,True,1.367346939,3.724489796,2.128571429,0.35
COMMERCIAL_OFFICE_LARGE,ASHRAE_901_2004,6,DIFFERENTIAL_DRY_BULB,0.114285714,0.057142857,False,True,1.244897959,4.030612245,2.128571429,0.35
COMMERCIAL_OFFICE_LARGE,ASHRAE_901_2004,7,DIFFERENTIAL_DRY_BULB,0.114285714,0.057142857,False,True,1.12244898,4.336734694,2.128571429,0.35
COMMERCIAL_OFFICE_LARGE,ASHRAE_901_2004,8,DIFFERENTIAL_DRY_BULB,0.114285714,0.057142857,False,True,1.0,4.642857143,2.128571429,0.35
COMMERCIAL_OFFICE_LARGE,ASHRAE_901_2007,1,NO_ECONOMIZER,0.171428571,0.085714286,True,True,2.285714286,2.5,1.942857143,0.35
COMMERCIAL_OFFICE_LARGE,ASHRAE_901_2007,2,NO_ECONOMIZER,0.171428571,0.085714286,True,True,2.102040816,2.959183673,1.942857143,0.35
COMMERCIAL_OFFICE_LARGE,ASHRAE_901_2007,3,DIFFERENTIAL_DRY_BULB,0.171428571,0.085714286,True,True,1.918367347,3.418367347,1.942857143,0.35
COMMERCIAL_OFFICE_LARGE,ASHRAE_901_2007,4,DIFFERENTIAL_DRY_BULB,0.171428571,0.085714286,True,True,1.734693878,3.87755102,1.942857143,0.35
COMMERCIAL_OFFICE_LARGE,ASHRAE_901_2007,5,DIFFERENTIAL_DRY_BULB,0.171428571,0.085714286,True,True,1.551020408,4.336734694,1.942857143,0.35
COMMERCIAL_OFFICE_LARGE,ASHRAE_901_2007,6,DIFFERENTIAL_DRY_BULB,0.171428571,0.085714286,True,True,1.367346939,4.795918367,1.942857143,0.35
COMMERCIAL_OFFICE_LARGE,ASHRAE_901_2007,7,DIFFERENTIAL_DRY_BULB,0.171428571,0.085714286,True,True,1.183673469,5.255102041,1.942857143,0.35
COMMERCIAL_OFFICE_LARGE,ASHRAE_901_2007,8,DIFFERENTIAL_DRY_BULB,0.171428571,0.085714286,True,True,1.0,5.714285714,1.942857143,0.35
COMMERCIAL_OFFICE_LARGE,ASHRAE_901_2010,1,NO_ECONOMIZER,0.228571429,0.114285714,True,True,2.714285714,2.5,1.757142857,0.35
COMMERCIAL_OFFICE_LARGE,ASHRAE_901_2010,2,NO_ECONOMIZER,0.228571429,0.114285714,True,True,2.469387755,3.112244898,1.757142857,0.35
COMMERCIAL_OFFICE_LARGE,ASHRAE_901_2010,3,DIFFERENTIAL_DRY_BULB,0.228571429,0.114285714,True,True,2.224489796,3.724489796,1.757142857,0.35
COMMERCIAL_OFFICE_LARGE,ASHRAE_901_2010,4,DIFFERENTIAL_DRY_BULB,0.228571429,0.114285714,True,True,1.979591837,4.336734694,1.757142857,0.35
COMMERCIAL_OFFICE_LARGE,ASHRAE_901_2010,5,DIFFERENTIAL_DRY_BULB,0.228571429,0.114285714,True,True,1.734693878,4.948979592,1.757142857,0.35
COMMERCIAL_OFFICE_LARGE,ASHRAE_901_2010,6,DIFFERENTIAL_DRY_BULB,0.228571429,0.114285714,True,True,1.489795918,5.56122449,1.757142857,0.35
COMMERCIAL_OFFICE_LARGE,ASHRAE_901_2010,7,DIFFERENTIAL_DRY_BULB,0.228571429,0.114285714,True,True,1.244897959,6.173469388,1.757142857,0.35
COMMERCIAL_OFFICE_LARGE,ASHRAE_901_2010,8,DIFFERENTIAL_DRY_BULB,0.228571429,0.114285714,True,True,1.0,6.785714286,1.757142857,0.35
COMMERCIAL_OFFICE_LARGE,ASHRAE_901_2013,1,NO_ECONOMIZER,0.285714286,0.142857143,True,True,3.142857143,2.5,1.571428571,0.35
COMMERCIAL_OFFICE_LARGE,ASHRAE_901_2013,2,NO_ECONOMIZER,0.285714286,0.142857143,True,True,2.836734694,3.265306122,1.571428571,0.35
COMMERCIAL_OFFICE_LARGE,ASHRAE_901_2013,3,DIFFERENTIAL_DRY_BULB,0.285714286,0.142857143,True,True,2.530612245,4.030612245,1.571428571,0.35
COMMERCIAL_OFFICE_LARGE,ASHRAE_901_2013,4,DIFFERENTIAL_DRY_BULB,0.285714286,0.142857143,True,True,2.224489796,4.795918367,1.571428571,0.35
COMMERCIAL_OFFICE_LARGE,ASHRAE_901_2013,5,DIFFERENTIAL_DRY_BULB,0.285714286,0.142857143,True,True,1.918367347,5.56122449,1.571428571,0.35
COMMERCIAL_OFFICE_LARGE,ASHRAE_901_2013,6,DIFFERENTIAL_DRY_BULB,0.285714286,0.142857143,True,True,1.612244898,6.326530612,1.571428571,0.35
COMMERCIAL_OFFICE_LARGE,ASHRAE_901_2013,7,DIFFERENTIAL_DRY_BULB,0.285714286,0.142857143,True,True,1.306122449,7.091836735,1.571428571,0.35
COMMERCIAL_OFFICE_LARGE,ASHRAE_901_2013,8,DIFFERENTIAL_DRY_BULB,0.285714286,0.142857143,True,True,1.0,7.857142857,1.571428571,0.35
COMMERCIAL_OFFICE_LARGE,ASHRAE_901_2016,1,NO_ECONOMIZER,0.342857143,0.171428571,True,True,3.571428571,2.5,1.385714286,0.35
COMMERCIAL_OFFICE_LARGE,ASHRAE_901_2016,2,NO_ECONOMIZER,0.342857143,0.171428571,True,True,3.204081633,3.418367347,1.385714286,0.35
COMMERCIAL_OFFICE_LARGE,ASHRAE_901_2016,3,DIFFERENTIAL_DRY_BULB,0.342857143,0.171428571,True,True,2.836734694,4.336734694,1.385714286,0.35
COMMERCIAL_OFFICE_LARGE,ASHRAE_901_2016,4,DIFFERENTIAL_DRY_BULB,0.342857143,0.171428571,True,True,2.469387755,5.255102041,1.385714286,0.35
COMMERCIAL_OFFICE_LARGE,ASHRAE_901_2016,5,DIFFERENTIAL_DRY_BULB,0.342857143,0.171428571,True,True,2.102040816,6.173469388,1.385714286,0.35
COMMERCIAL_OFFICE_LARGE,ASHRAE_901_2016,6,DIFFERENTIAL_DRY_BULB,0.342857143,0.171428571,True,True,1.734693878,7.091836735,1.385714286,0.35
COMMERCIAL_OFFICE_LARGE,ASHRAE_901_2016,7,DIFFERENTIAL_DRY_BULB,0.342857143,0.171428571,True,True,1.367346939,8.010204082,1.385714286,0.35
COMMERCIAL_OFFICE_LARGE,ASHRAE_901_2016,8,DIFFERENTIAL_DRY_BULB,0.342857143,0.171428571,True,True,1.0,8.928571429,1.385714286,0.35
COMMERCIAL_OFFICE_LARGE,ASHRAE_901_2019,1,NO_ECONOMIZER,0.4,0.2,True,True,4.0,2.5,1.2,0.35
COMMERCIAL_OFFICE_LARGE,ASHRAE_901_2019,2,NO_ECONOMIZER,0.4,0.2,True,True,3.571428571,3.571428571,1.2,0.35
COMMERCIAL_OFFICE_LARGE,ASHRAE_901_2019,3,DIFFERENTIAL_DRY_BULB,0.4,0.2,True,True,3.142857143,4.642857143,1.2,0.35
COMMERCIAL_OFFICE_LARGE,ASHRAE_901_2019,4,DIFFERENTIAL_DRY_BULB,0.4,0.2,True,True,2.714285714,5.714285714,1.2,0.35
COMMERCIAL_OFFICE_LARGE,ASHRAE_901_2019,5,DIFFERENTIAL_DRY_BULB,0.4,0.2,True,True,2.285714286,6.785714286,1.2,0.35
COMMERCIAL_OFFICE_LARGE,ASHRAE_901_2019,6,DIFFERENTIAL_DRY_BULB,0.4,0.2,True,True,1.857142857,7.857142857,1.2,0.35
COMMERCIAL_OFFICE_LARGE,ASHRAE_901_2019,7,DIFFERENTIAL_DRY_BULB,0.4,0.2,True,True,1.428571429,8.928571429,1.2,0.35
COMMERCIAL_OFFICE_LARGE,ASHRAE_901_2019,8,DIFFERENTIAL_DRY_BULB,0.4,0.2,True,True,1.0,10.0,1.2,0.35
COMMERCIAL_OFFICE_LARGE,CBECS_1980_2004,1,NO_ECONOMIZER,0.057142857,0.028571429,False,False,1.428571429,2.5,2.314285714,0.35
COMMERCIAL_OFFICE_LARGE,CBECS_1980_2004,2,NO_ECONOMIZER,0.057142857,0.028571429,False,False,1.367346939,2.653061224,2.314285714,0.35
COMMERCIAL_OFFICE_LARGE,CBECS_1980_2004,3,NO_ECONOMIZER,0.057142857,0.028571429,False,False,1.306122449,2.806122449,2.314285714,0.35
COMMERCIAL_OFFICE_LARGE,CBECS_1980_2004,4,NO_ECONOMIZER,0.057142857,0.028571429,False,False,1.244897959,2.959183673,2.314285714,0.35
COMMERCIAL_OFFICE_LARGE,CBECS_1980_2004,5,NO_ECONOMIZER,0.057142857,0.028571429,False,False,1.183673469,3.112244898,2.314285714,0.35
COMMERCIAL_OFFICE_LARGE,CBECS_1980_2004,6,NO_ECONOMIZER,0.057142857,0.028571429,False,False,1.12244898,3.265306122,2.314285714,0.35
COMMERCIAL_OFFICE_LARGE,CBECS_1980_2004,7,NO_ECONOMIZER,0.057142857,0.028571429,False,False,1.06122449,3.418367347,2.314285714,0.35
COMMERCIAL_OFFICE_LARGE,CBECS_1980_2004,8,NO_ECONOMIZER,0.057142857,0.028571429,False,False,1.0,3.571428571,2.314285714,0.35
COMMERCIAL_OFFICE_LARGE,CBECS_PRE_1980,1,NO_ECONOMIZER,0.0,0.0,False,False,1.0,2.5,2.5,0.35
COMMERCIAL_OFFICE_LARGE,CBECS_PRE_1980,2,NO_ECONOMIZER,0.0,0.0,False,False,1.0,2.5,2.5,0.35
COMMERCIAL_OFFICE_LARGE,CBECS_PRE_1980,3,NO_ECONOMIZER,0.0,0.0,False,False,1.0,2.5,2.5,0.35
COMMERCIAL_OFFICE_LARGE,CBECS_PRE_1980,4,NO_ECONOMIZER,0.0,0.0,False,False,1.0,2.5,2.5,0.35
COMMERCIAL_OFFICE_LARGE,CBECS_PRE_1980,5,NO_ECONOMIZER,0.0,0.0,False,False,1.0,2.5,2.5,0.35
COMMERCIAL_OFFICE_LARGE,CBECS_PRE_1980,6,NO_ECONOMIZER,0.0,0.0,False,False,1.0,2.5,2.5,0.35
COMMERCIAL_OFFICE_LARGE,CBECS_PRE_1980,7,NO_ECONOMIZER,0.0,0.0,False,False,1.0,2.5,2.5,0.35
COMMERCIAL_OFFICE_LARGE,CBECS_PRE_1980,8,NO_ECONOMIZER,0.0,0.0,False,False,1.0,2.5,2.5,0.35
COMMERCIAL_OFFICE_MEDIUM,ASHRAE_901_2004,1,NO_ECONOMIZER,0.114285714,0.057142857,False,True,1.857142857,2.5,1.30096766,0.35
COMMERCIAL_OFFICE_MEDIUM,ASHRAE_901_2004,2,NO_ECONOMIZER,0.114285714,0.057142857,False,True,1.734693878,2.806122449,1.30096766,0.35
COMMERCIAL_OFFICE_MEDIUM,ASHRAE_901_2004,3,DIFFERENTIAL_DRY_BULB,0.114285714,0.057142857,False,True,1.612244898,3.112244898,1.30096766,0.35
COMMERCIAL_OFFICE_MEDIUM,ASHRAE_901_2004,4,DIFFERENTIAL_DRY_BULB,0.114285714,0.057142857,False,True,1.489795918,3.418367347,1.30096766,0.35
COMMERCIAL_OFFICE_MEDIUM,ASHRAE_901_2004,5,DIFFERENTIAL_DRY_BULB,0.114285714,0.057142857,False,True,1.367346939,3.724489796,1.30096766,0.35
COMMERCIAL_OFFICE_MEDIUM,ASHRAE_901_2004,6,DIFFERENTIAL_DRY_BULB,0.114285714,0.057142857,False,True,1.244897959,4.030612245,1.30096766,0.35
COMMERCIAL_OFFICE_MEDIUM,ASHRAE_901_2004,7,DIFFERENTIAL_DRY_BULB,0.114285714,0.057142857,False,True,1.12244898,4.336734694,1.30096766,0.35
COMMERCIAL_OFFICE_MEDIUM,ASHRAE_901_2004,8,DIFFERENTIAL_DRY_BULB,0.114285714,0.057142857,False,True,1.0,4.642857143,1.30096766,0.35
COMMERCIAL_OFFICE_MEDIUM,ASHRAE_901_2007,1,NO_ECONOMIZER,0.171428571,0.085714286,True,True,2.285714286,2.5,1.280774128,0.35
COMMERCIAL_OFFICE_MEDIUM,ASHRAE_901_2007,2,NO_ECONOMIZER,0.171428571,0.085714286,True,True,2.102040816,2.959183673,1.280774128,0.35
COMMERCIAL_OFFICE_MEDIUM,ASHRAE_901_2007,3,DIFFERENTIAL_DRY_BULB,0.171428571,0.085714286,True,True,1.918367347,3.418367347,1.280774128,0.35
COMMERCIAL_OFFICE_MEDIUM,ASHRAE_901_2007,4,DIFFERENTIAL_DRY_BULB,0.171428571,0.085714286,True,True,1.734693878,3.87755102,1.280774128,0.35
COMMERCIAL_OFFICE_MEDIUM,ASHRAE_901_2007,5,DIFFERENTIAL_DRY_BULB,0.171428571,0.085714286,True,True,1.551020408,4.336734694,1.280774128,0.35
COMMERCIAL_OFFICE_MEDIUM,ASHRAE_901_2007,6,DIFFERENTIAL_DRY_BULB,0.171428571,0.085714286,True,True,1.367346939,4.795918367,1.280774128,0.35
COMMERCIAL_OFFICE_MEDIUM,ASHRAE_901_2007,7,DIFFERENTIAL_DRY_BULB,0.171428571,0.085714286,True,True,1.183673469,5.255102041,1.280774128,0.35
COMMERCIAL_OFFICE_MEDIUM,ASHRAE_901_2007,8,DIFFERENTIAL_DRY_BULB,0.171428571,0.085714286,True,True,1.0,5.714285714,1.280774128,0.35
COMMERCIAL_OFFICE_MEDIUM,ASHRAE_901_2010,1,NO_ECONOMIZER,0.228571429,0.114285714,True,True,2.714285714,2.5,1.260580596,0.35
COMMERCIAL_OFFICE_MEDIUM,ASHRAE_901_2010,2,NO_ECONOMIZER,0.228571429,0.114285714,True,True,2.469387755,3.112244898,1.260580596,0.35
COMMERCIAL_OFFICE_MEDIUM,ASHRAE_901_2010,3,DIFFERENTIAL_DRY_BULB,0.228571429,0.114285714,True,True,2.224489796,3.724489796,1.260580596,0.35
COMMERCIAL_OFFICE_MEDIUM,ASHRAE_901_2010,4,DIFFERENTIAL_DRY_BULB,0.228571429,0.114285714,True,True,1.979591837,4.336734694,1.260580596,0.35
COMMERCIAL_OFFICE_MEDIUM,ASHRAE_901_2010,5,DIFFERENTIAL_DRY_BULB,0.228571429,0.114285714,True,True,1.734693878,4.948979592,1.260580596,0.35
COMMERCIAL_OFFICE_MEDIUM,ASHRAE_901_2010,6,DIFFERENTIAL_DRY_BULB,0.228571429,0.114285714,True,True,1.489795918,5.56122449,1.260580596,0.35
COMMERCIAL_OFFICE_MEDIUM,ASHRAE_901_2010,7,DIFFERENTIAL_DRY_BULB,0.228571429,0.114285714,True,True,1.244897959,6.173469388,1.260580596,0.35
COMMERCIAL_OFFICE_MEDIUM,ASHRAE_901_2010,8,DIFFERENTIAL_DRY_BULB,0.228571429,0.114285714,True,True,1.0,6.785714286,1.260580596,0.35
COMMERCIAL_OFFICE_MEDIUM,ASHRAE_901_2013,1,NO_ECONOMIZER,0.285714286,0.142857143,True,True,3.142857143,2.5,1.240387064,0.35
COMMERCIAL_OFFICE_MEDIUM,ASHRAE_901_2013,2,NO_ECONOMIZER,0.285714286,0.142857143,True,True,2.836734694,3.265306122,1.240387064,0.35
COMMERCIAL_OFFICE_MEDIUM,ASHRAE_901_2013,3,DIFFERENTIAL_DRY_BULB,0.285714286,0.142857143,True,True,2.530612245,4.030612245,1.240387064,0.35
COMMERCIAL_OFFICE_MEDIUM,ASHRAE_901_2013,4,DIFFERENTIAL_DRY_BULB,0.285714286,0.142857143,True,True,2.224489796,4.795918367,1.240387064,0.35
COMMERCIAL_OFFICE_MEDIUM,ASHRAE_901_2013,5,DIFFERENTIAL_DRY_BULB,0.285714286,0.142857143,True,True,1.918367347,5.56122449,1.240387064,0.35
COMMERCIAL_OFFICE_MEDIUM,ASHRAE_901_2013,6,DIFFERENTIAL_DRY_BULB,0.285714286,0.142857143,True,True,1.612244898,6.326530612,1.240387064,0.35
COMMERCIAL_OFFICE_MEDIUM,ASHRAE_901_2013,7,DIFFERENTIAL_DRY_BULB,0.285714286,0.142857143,True,True,1.306122449,7.091836735,1.240387064,0.35
COMMERCIAL_OFFICE_MEDIUM,ASHRAE_901_2013,8,DIFFERENTIAL_DRY_BULB,0.285714286,0.142857143,True,True,1.0,7.857142857,1.240387064,0.35
COMMERCIAL_OFFICE_MEDIUM,ASHRAE_901_2016,1,NO_ECONOMIZER,0.342857143,0.171428571,True,True,3.571428571,2.5,1.220193532,0.35
COMMERCIAL_OFFICE_MEDIUM,ASHRAE_901_2016,2,NO_ECONOMIZER,0.342857143,0.171428571,True,True,3.204081633,3.418367347,1.220193532,0.35
COMMERCIAL_OFFICE_MEDIUM,ASHRAE_901_2016,3,DIFFERENTIAL_DRY_BULB,0.342857143,0.171428571,True,True,2.836734694,4.336734694,1.220193532,0.35
COMMERCIAL_OFFICE_MEDIUM,ASHRAE_901_2016,4,DIFFERENTIAL_DRY_BULB,0.342857143,0.171428571,True,True,2.469387755,5.255102041,1.220193532,0.35
COMMERCIAL_OFFICE_MEDIUM,ASHRAE_901_2016,5,DIFFERENTIAL_DRY_BULB,0.342857143,0.171428571,True,True,2.102040816,6.173469388,1.220193532,0.35
COMMERCIAL_OFFICE_MEDIUM,ASHRAE_901_2016,6,DIFFERENTIAL_DRY_BULB,0.342857143,0.171428571,True,True,1.734693878,7.091836735,1.220193532,0.35
COMMERCIAL_OFFICE_MEDIUM,ASHRAE_901_2016,7,DIFFERENTIAL_DRY_BULB,0.342857143,0.171428571,True,True,1.367346939,8.010204082,1.220193532,0.35
COMMERCIAL_OFFICE_MEDIUM,ASHRAE_901_2016,8,DIFFERENTIAL_DRY_BULB,0.342857143,0.171428571,True,True,1.0,8.928571429,1.220193532,0.35
COMMERCIAL_OFFICE_MEDIUM,ASHRAE_901_2019,1,NO_ECONOMIZER,0.4,0.2,True,True,4.0,2.5,1.2,0.35
COMMERCIAL_OFFICE_MEDIUM,ASHRAE_901_2019,2,NO_ECONOMIZER,0.4,0.2,True,True,3.571428571,3.571428571,1.2,0.35
COMMERCIAL_OFFICE_MEDIUM,ASHRAE_901_2019,3,DIFFERENTIAL_DRY_BULB,0.4,0.2,True,True,3.142857143,4.642857143,1.2,0.35
COMMERCIAL_OFFICE_MEDIUM,ASHRAE_901_2019,4,DIFFERENTIAL_DRY_BULB,0.4,0.2,True,True,2.714285714,5.714285714,1.2,0.35
COMMERCIAL_OFFICE_MEDIUM,ASHRAE_901_2019,5,DIFFERENTIAL_DRY_BULB,0.4,0.2,True,True,2.285714286,6.785714286,1.2,0.35
COMMERCIAL_OFFICE_MEDIUM,ASHRAE_901_2019,6,DIFFERENTIAL_DRY_BULB,0.4,0.2,True,True,1.857142857,7.857142857,1.2,0.35
COMMERCIAL_OFFICE_MEDIUM,ASHRAE_901_2019,7,DIFFERENTIAL_DRY_BULB,0.4,0.2,True,True,1.428571429,8.928571429,1.2,0.35
COMMERCIAL_OFFICE_MEDIUM,ASHRAE_901_2019,8,DIFFERENTIAL_DRY_BULB,0.4,0.2,True,True,1.0,10.0,1.2,0.35
COMMERCIAL_OFFICE_MEDIUM,CBECS_1980_2004,1,NO_ECONOMIZER,0.057142857,0.028571429,False,False,1.428571429,2.5,1.321161192,0.35
COMMERCIAL_OFFICE_MEDIUM,CBECS_1980_2004,2,NO_ECONOMIZER,0.057142857,0.028571429,False,False,1.367346939,2.653061224,1.321161192,0.35
COMMERCIAL_OFFICE_MEDIUM,CBECS_1980_2004,3,NO_ECONOMIZER,0.057142857,0.028571429,False,False,1.306122449,2.806122449,1.321161192,0.35
COMMERCIAL_OFFICE_MEDIUM,CBECS_1980_2004,4,NO_ECONOMIZER,0.057142857,0.028571429,False,False,1.244897959,2.959183673,1.321161192,0.35
COMMERCIAL_OFFICE_MEDIUM,CBECS_1980_2004,5,NO_ECONOMIZER,0.057142857,0.028571429,False,False,1.183673469,3.112244898,1.321161192,0.35
COMMERCIAL_OFFICE_MEDIUM,CBECS_1980_2004,6,NO_ECONOMIZER,0.057142857,0.028571429,False,False,1.12244898,3.265306122,1.321161192,0.35
COMMERCIAL_OFFICE_MEDIUM,CBECS_1980_2004,7,NO_ECONOMIZER,0.057142857,0.028571429,False,False,1.06122449,3.418367347,1.321161192,0.35
COMMERCIAL_OFFICE_MEDIUM,CBECS_1980_2004,8,NO_ECONOMIZER,0.057142857,0.028571429,False,False,1.0,3.571428571,1.321161192,0.35
COMMERCIAL_OFFICE_MEDIUM,CBECS_PRE_1980,1,NO_ECONOMIZER,0.0,0.0,False,False,1.0,2.5,1.341354724,0.35
COMMERCIAL_OFFICE_MEDIUM,CBECS_PRE_1980,2,NO_ECONOMIZER,0.0,0.0,False,False,1.0,2.5,1.341354724,0.35
COMMERCIAL_OFFICE_MEDIUM,CBECS_PRE_1980,3,NO_ECONOMIZER,0.0,0.0,False,False,1.0,2.5,1.341354724,0.35
COMMERCIAL_OFFICE_MEDIUM,CBECS_PRE_1980,4,NO_ECONOMIZER,0.0,0.0,False,False,1.0,2.5,1.341354724,0.35
COMMERCIAL_OFFICE_MEDIUM,CBECS_PRE_1980,5,NO_ECONOMIZER,0.0,0.0,False,False,1.0,2.5,1.341354724,0.35
COMMERCIAL_OFFICE_MEDIUM,CBECS_PRE_1980,6,NO_ECONOMIZER,0.0,0.0,False,False,1.0,2.5,1.341354724,0.35
COMMERCIAL_OFFICE_MEDIUM,CBECS_PRE_1980,7,NO_ECONOMIZER,0.0,0.0,False,False,1.0,2.5,1.341354724,0.35
COMMERCIAL_OFFICE_MEDIUM,CBECS_PRE_1980,8,NO_ECONOMIZER,0.0,0.0,False,False,1.0,2.5,1.341354724,0.35
COMMERCIAL_OFFICE_SMALL,ASHRAE_901_2004,1,NO_ECONOMIZER,0.114285714,0.057142857,False,True,1.857142857,2.5,1.207862236,0.35
COMMERCIAL_OFFICE_SMALL,ASHRAE_901_2004,2,NO_ECONOMIZER,0.114285714,0.057142857,False,True,1.734693878,2.806122449,1.207862236,0.35
COMMERCIAL_OFFICE_SMALL,ASHRAE_901_2004,3,DIFFERENTIAL_DRY_BULB,0.114285714,0.057142857,False,True,1.612244898,3.112244898,1.207862236,0.35
COMMERCIAL_OFFICE_SMALL,ASHRAE_901_2004,4,DIFFERENTIAL_DRY_BULB,0.114285714,0.057142857,False,True,1.489795918,3.418367347,1.207862236,0.35
COMMERCIAL_OFFICE_SMALL,ASHRAE_901_2004,5,DIFFERENTIAL_DRY_BULB,0.114285714,0.057142857,False,True,1.367346939,3.724489796,1.207862236,0.35
COMMERCIAL_OFFICE_SMALL,ASHRAE_901_2004,6,DIFFERENTIAL_DRY_BULB,0.114285714,0.057142857,False,True,1.244897959,4.030612245,1.207862236,0.35
COMMERCIAL_OFFICE_SMALL,ASHRAE_901_2004,7,DIFFERENTIAL_DRY_BULB,0.114285714,0.057142857,False,True,1.12244898,4.336734694,1.207862236,0.35
COMMERCIAL_OFFICE_SMALL,ASHRAE_901_2004,8,DIFFERENTIAL_DRY_BULB,0.114285714,0.057142857,False,True,1.0,4.642857143,1.207862236,0.35
COMMERCIAL_OFFICE_SMALL,ASHRAE_901_2007,1,NO_ECONOMIZER,0.171428571,0.085714286,True,True,2.285714286,2.5,1.206289789,0.35
COMMERCIAL_OFFICE_SMALL,ASHRAE_901_2007,2,NO_ECONOMIZER,0.171428571,0.085714286,True,True,2.102040816,2.959183673,1.206289789,0.35
COMMERCIAL_OFFICE_SMALL,ASHRAE_901_2007,3,DIFFERENTIAL_DRY_BULB,0.171428571,0.085714286,True,True,1.918367347,3.418367347,1.206289789,0.35
COMMERCIAL_OFFICE_SMALL,ASHRAE_901_2007,4,DIFFERENTIAL_DRY_BULB,0.171428571,0.085714286,True,True,1.734693878,3.87755102,1.206289789,0.35
COMMERCIAL_OFFICE_SMALL,ASHRAE_901_2007,5,DIFFERENTIAL_DRY_BULB,0.171428571,0.085714286,True,True,1.551020408,4.336734694,1.206289789,0.35
COMMERCIAL_OFFICE_SMALL,ASHRAE_901_2007,6,DIFFERENTIAL_DRY_BULB,0.171428571,0.085714286,True,True,1.367346939,4.795918367,1.206289789,0.35
COMMERCIAL_OFFICE_SMALL,ASHRAE_901_2007,7,DIFFERENTIAL_DRY_BULB,0.171428571,0.085714286,True,True,1.183673469,5.255102041,1.206289789,0.35
COMMERCIAL_OFFICE_SMALL,ASHRAE_901_2007,8,DIFFERENTIAL_DRY_BULB,0.171428571,0.085714286,True,True,1.0,5.714285714,1.206289789,0.35
COMMERCIAL_OFFICE_SMALL,ASHRAE_901_2010,1,NO_ECONOMIZER,0.228571429,0.114285714,True,True,2.714285714,2.5,1.204717341,0.35
COMMERCIAL_OFFICE_SMALL,ASHRAE_901_2010,2,NO_ECONOMIZER,0.228571429,0.114285714,True,True,2.469387755,3.112244898,1.204717341,0.35
COMMERCIAL_OFFICE_SMALL,ASHRAE_901_2010,3,DIFFERENTIAL_DRY_BULB,0.228571429,0.114285714,True,True,2.224489796,3.724489796,1.204717341,0.35
COMMERCIAL_OFFICE_SMALL,ASHRAE_901_2010,4,DIFFERENTIAL_DRY_BULB,0.228571429,0.114285714,True,True,1.979591837,4.336734694,1.204717341,0.35
COMMERCIAL_OFFICE_SMALL,ASHRAE_901_2010,5,DIFFERENTIAL_DRY_BULB,0.228571429,0.114285714,True,True,1.734693878,4.948979592,1.204717341,0.35
COMMERCIAL_OFFICE_SMALL,ASHRAE_901_2010,6,DIFFERENTIAL_DRY_BULB,0.228571429,0.114285714,True,True,1.489795918,5.56122449,1.204717341,0.35
COMMERCIAL_OFFICE_SMALL,ASHRAE_901_2010,7,DIFFERENTIAL_DRY_BULB,0.228571429,0.114285714,True,True,1.244897959,6.173469388,1.204717341,0.35
COMMERCIAL_OFFICE_SMALL,ASHRAE_901_2010,8,DIFFERENTIAL_DRY_BULB,0.228571429,0.114285714,True,True,1.0,6.785714286,1.204717341,0.35
COMMERCIAL_OFFICE_SMALL,ASHRAE_901_2013,1,NO_ECONOMIZER,0.285714286,0.142857143,True,True,3.142857143,2.5,1.203144894,0.35
COMMERCIAL_OFFICE_SMALL,ASHRAE_901_2013,2,NO_ECONOMIZER,0.285714286,0.142857143,True,True,2.836734694,3.265306122,1.203144894,0.35
COMMERCIAL_OFFICE_SMALL,ASHRAE_901_2013,3,DIFFERENTIAL_DRY_BULB,0.285714286,0.142857143,True,True,2.530612245,4.030612245,1.203144894,0.35
COMMERCIAL_OFFICE_SMALL,ASHRAE_901_2013,4,DIFFERENTIAL_DRY_BULB,0.285714286,0.142857143,True,True,2.224489796,4.795918367,1.203144894,0.35
COMMERCIAL_OFFICE_SMALL,ASHRAE_901_2013,5,DIFFERENTIAL_DRY_BULB,0.285714286,0.142857143,True,True,1.918367347,5.56122449,1.203144894,0.35
COMMERCIAL_OFFICE_SMALL,ASHRAE_901_2013,6,DIFFERENTIAL_DRY_BULB,0.285714286,0.142857143,True,True,1.612244898,6.326530612,1.203144894,0.35
COMMERCIAL_OFFICE_SMALL,ASHRAE_901_2013,7,DIFFERENTIAL_DRY_BULB,0.285714286,0.142857143,True,True,1.306122449,7.091836735,1.203144894,0.35
COMMERCIAL_OFFICE_SMALL,ASHRAE_901_2013,8,DIFFERENTIAL_DRY_BULB,0.285714286,0.142857143,True,True,1.0,7.857142857,1.203144894,0.35
COMMERCIAL_OFFICE_SMALL,ASHRAE_901_2016,1,NO_ECONOMIZER,0.342857143,0.171428571,True,True,3.571428571,2.5,1.201572447,0.35
COMMERCIAL_OFFICE_SMALL,ASHRAE_901_2016,2,NO_ECONOMIZER,0.342857143,0.171428571,True,True,3.204081633,3.418367347,1.201572447,0.35
COMMERCIAL_OFFICE_SMALL,ASHRAE_901_2016,3,DIFFERENTIAL_DRY_BULB,0.342857143,0.171428571,True,True,2.836734694,4.336734694,1.201572447,0.35
COMMERCIAL_OFFICE_SMALL,ASHRAE_901_2016,4,DIFFERENTIAL_DRY_BULB,0.342857143,0.171428571,True,True,2.469387755,5.255102041,1.201572447,0.35
COMMERCIAL_OFFICE_SMALL,ASHRAE_901_2016,5,DIFFERENTIAL_DRY_BULB,0.342857143,0.171428571,True,True,2.102040816,6.173469388,1.201572447,0.35
COMMERCIAL_OFFICE_SMALL,ASHRAE_901_2016,6,DIFFERENTIAL_DRY_BULB,0.342857143,0.171428571,True,True,1.734693878,7.091836735,1.201572447,0.35
COMMERCIAL_OFFICE_SMALL,ASHRAE_901_2016,7,DIFFERENTIAL_DRY_BULB,0.342857143,0.171428571,True,True,1.367346939,8.010204082,1.201572447,0.35
COMMERCIAL_OFFICE_SMALL,ASHRAE_901_2016,8,DIFFERENTIAL_DRY_BULB,0.342857143,0.171428571,True,True,1.0,8.928571429,1.201572447,0.35
COMMERCIAL_OFFICE_SMALL,ASHRAE_901_2019,1,NO_ECONOMIZER,0.4,0.2,True,True,4.0,2.5,1.2,0.35
COMMERCIAL_OFFICE_SMALL,ASHRAE_901_2019,2,NO_ECONOMIZER,0.4,0.2,True,True,3.571428571,3.571428571,1.2,0.35
COMMERCIAL_OFFICE_SMALL,ASHRAE_901_2019,3,DIFFERENTIAL_DRY_BULB,0.4,0.2,True,True,3.142857143,4.642857143,1.2,0.35
COMMERCIAL_OFFICE_SMALL,ASHRAE_901_2019,4,DIFFERENTIAL_DRY_BULB,0.4,0.2,True,True,2.714285714,5.714285714,1.2,0.35
COMMERCIAL_OFFICE_SMALL,ASHRAE_901_2019,5,DIFFERENTIAL_DRY_BULB,0.4,0.2,True,True,2.285714286,6.785714286,1.2,0.35
COMMERCIAL_OFFICE_SMALL,ASHRAE_901_2019,6,DIFFERENTIAL_DRY_BULB,0.4,0.2,True,True,1.857142857,7.857142857,1.2,0.35
COMMERCIAL_OFFICE_SMALL,ASHRAE_901_2019,7,DIFFERENTIAL_DRY_BULB,0.4,0.2,True,True,1.428571429,8.928571429,1.2,0.35
COMMERCIAL_OFFICE_SMALL,ASHRAE_901_2019,8,DIFFERENTIAL_DRY_BULB,0.4,0.2,True,True,1.0,10.0,1.2,0.35
COMMERCIAL_OFFICE_SMALL,CBECS_1980_2004,1,NO_ECONOMIZER,0.057142857,0.028571429,False,False,1.428571429,2.5,1.209434683,0.35
COMMERCIAL_OFFICE_SMALL,CBECS_1980_2004,2,NO_ECONOMIZER,0.057142857,0.028571429,False,False,1.367346939,2.653061224,1.209434683,0.35
COMMERCIAL_OFFICE_SMALL,CBECS_1980_2004,3,NO_ECONOMIZER,0.057142857,0.028571429,False,False,1.306122449,2.806122449,1.209434683,0.35
COMMERCIAL_OFFICE_SMALL,CBECS_1980_2004,4,NO_ECONOMIZER,0.057142857,0.028571429,False,False,1.244897959,2.959183673,1.209434683,0.35
COMMERCIAL_OFFICE_SMALL,CBECS_1980_2004,5,NO_ECONOMIZER,0.057142857,0.028571429,False,False,1.183673469,3.112244898,1.209434683,0.35
COMMERCIAL_OFFICE_SMALL,CBECS_1980_2004,6,NO_ECONOMIZER,0.057142857,0.028571429,False,False,1.12244898,3.265306122,1.209434683,0.35
COMMERCIAL_OFFICE_SMALL,CBECS_1980_2004,7,NO_ECONOMIZER,0.057142857,0.028571429,False,False,1.06122449,3.418367347,1.209434683,0.35
COMMERCIAL_OFFICE_SMALL,CBECS_1980_2004,8,NO_ECONOMIZER,0.057142857,0.028571429,False,False,1.0,3.571428571,1.209434683,0.35
COMMERCIAL_OFFICE_SMALL,CBECS_PRE_1980,1,NO_ECONOMIZER,0.0,0.0,False,False,1.0,2.5,1.21100713,0.35
COMMERCIAL_OFFICE_SMALL,CBECS_PRE_1980,2,NO_ECONOMIZER,0.0,0.0,False,False,1.0,2.5,1.21100713,0.35
COMMERCIAL_OFFICE_SMALL,CBECS_PRE_1980,3,NO_ECONOMIZER,0.0,0.0,False,False,1.0,2.5,1.21100713,0.35
COMMERCIAL_OFFICE_SMALL,CBECS_PRE_1980,4,NO_ECONOMIZER,0.0,0.0,False,False,1.0,2.5,1.21100713,0.35
COMMERCIAL_OFFICE_SMALL,CBECS_PRE_1980,5,NO_ECONOMIZER,0.0,0.0,False,False,1.0,2.5,1.21100713,0.35
COMMERCIAL_OFFICE_SMALL,CBECS_PRE_1980,6,NO_ECONOMIZER,0.0,0.0,False,False,1.0,2.5,1.21100713,0.35
COMMERCIAL_OFFICE_SMALL,CBECS_PRE_1980,7,NO_ECONOMIZER,0.0,0.0,False,False,1.0,2.5,1.21100713,0.35
COMMERCIAL_OFFICE_SMALL,CBECS_PRE_1980,8,NO_ECONOMIZER,0.0,0.0,False,False,1.0,2.5,1.21100713,0.35
COMMERCIAL_RESTAURANT_FULL_SERVICE,ASHRAE_901_2004,1,NO_ECONOMIZER,0.114285714,0.057142857,False,True,1.857142857,2.5,1.207862236,0.35
COMMERCIAL_RESTAURANT_FULL_SERVICE,ASHRAE_901_2004,2,NO_ECONOMIZER,0.114285714,0.057142857,False,True,1.734693878,2.806122449,1.207862236,0.35
COMMERCIAL_RESTAURANT_FULL_SERVICE,ASHRAE_901_2004,3,DIFFERENTIAL_DRY_BULB,0.114285714,0.057142857,False,True,1.612244898,3.112244898,1.207862236,0.35
COMMERCIAL_RESTAURANT_FULL_SERVICE,ASHRAE_901_2004,4,DIFFERENTIAL_DRY_BULB,0.114285714,0.057142857,False,True,1.489795918,3.418367347,1.207862236,0.35
COMMERCIAL_RESTAURANT_FULL_SERVICE,ASHRAE_901_2004,5,DIFFERENTIAL_DRY_BULB,0.114285714,0.057142857,False,True,1.367346939,3.724489796,1.207862236,0.35
COMMERCIAL_RESTAURANT_FULL_SERVICE,ASHRAE_901_2004,6,DIFFERENTIAL_DRY_BULB,0.114285714,0.057142857,False,True,1.244897959,4.030612245,1.207862236,0.35
COMMERCIAL_RESTAURANT_FULL_SERVICE,ASHRAE_901_2004,7,DIFFERENTIAL_DRY_BULB,0.114285714,0.057142857,False,True,1.12244898,4.336734694,1.207862236,0.35
COMMERCIAL_RESTAURANT_FULL_SERVICE,ASHRAE_901_2004,8,DIFFERENTIAL_DRY_BULB,0.114285714,0.057142857,False,True,1.0,4.642857143,1.207862236,0.35
COMMERCIAL_RESTAURANT_FULL_SERVICE,ASHRAE_901_2007,1,NO_ECONOMIZER,0.171428571,0.085714286,False,True,2.285714286,2.5,1.206289789,0.35
COMMERCIAL_RESTAURANT_FULL_SERVICE,ASHRAE_901_2007,2,NO_ECONOMIZER,0.171428571,0.085714286,False,True,2.102040816,2.959183673,1.206289789,0.35
COMMERCIAL_RESTAURANT_FULL_SERVICE,ASHRAE_901_2007,3,DIFFERENTIAL_DRY_BULB,0.171428571,0.085714286,False,True,1.918367347,3.418367347,1.206289789,0.35
COMMERCIAL_RESTAURANT_FULL_SERVICE,ASHRAE_901_2007,4,DIFFERENTIAL_DRY_BULB,0.171428571,0.085714286,False,True,1.734693878,3.87755102,1.206289789,0.35
COMMERCIAL_RESTAURANT_FULL_SERVICE,ASHRAE_901_2007,5,DIFFERENTIAL_DRY_BULB,0.171428571,0.085714286,False,True,1.551020408,4.336734694,1.206289789,0.35
COMMERCIAL_RESTAURANT_FULL_SERVICE,ASHRAE_901_2007,6,DIFFERENTIAL_DRY_BULB,0.171428571,0.085714286,False,True,1.367346939,4.795918367,1.206289789,0.35
COMMERCIAL_RESTAURANT_FULL_SERVICE,ASHRAE_901_2007,7,DIFFERENTIAL_DRY_BULB,0.171428571,0.085714286,False,True,1.183673469,5.255102041,1.206289789,0.35
COMMERCIAL_RESTAURANT_FULL_SERVICE,ASHRAE_901_2007,8,DIFFERENTIAL_DRY_BULB,0.171428571,0.085714286,False,True,1.0,5.714285714,1.206289789,0.35
COMMERCIAL_RESTAURANT_FULL_SERVICE,ASHRAE_901_2010,1,NO_ECONOMIZER,0.228571429,0.114285714,False,True,2.714285714,2.5,1.204717341,0.35
COMMERCIAL_RESTAURANT_FULL_SERVICE,ASHRAE_901_2010,2,NO_ECONOMIZER,0.228571429,0.114285714,False,True,2.469387755,3.112244898,1.204717341,0.35
COMMERCIAL_RESTAURANT_FULL_SERVICE,ASHRAE_901_2010,3,DIFFERENTIAL_DRY_BULB,0.228571429,0.114285714,False,True,2.224489796,3.724489796,1.204717341,0.35
COMMERCIAL_RESTAURANT_FULL_SERVICE,ASHRAE_901_2010,4,DIFFERENTIAL_DRY_BULB,0.228571429,0.114285714,False,True,1.979591837,4.336734694,1.204717341,0.35
COMMERCIAL_RESTAURANT_FULL_SERVICE,ASHRAE_901_2010,5,DIFFERENTIAL_DRY_BULB,0.228571429,0.114285714,False,True,1.734693878,4.948979592,1.204717341,0.35
COMMERCIAL_RESTAURANT_FULL_SERVICE,ASHRAE_901_2010,6,DIFFERENTIAL_DRY_BULB,0.228571429,0.114285714,False,True,1.489795918,5.56122449,1.204717341,0.35
COMMERCIAL_RESTAURANT_FULL_SERVICE,ASHRAE_901_2010,7,DIFFERENTIAL_DRY_BULB,0.228571429,0.114285714,False,True,1.244897959,6.173469388,1.204717341,0.35
COMMERCIAL_RESTAURANT_FULL_SERVICE,ASHRAE_901_2010,8,DIFFERENTIAL_DRY_BULB,0.228571429,0.114285714,False,True,1.0,6.785714286,1.204717341,0.35
COMMERCIAL_RESTAURANT_FULL_SERVICE,ASHRAE_901_2013,1,NO_ECONOMIZER,0.285714286,0.142857143,False,True,3.142857143,2.5,1.203144894,0.35
COMMERCIAL_RESTAURANT_FULL_SERVICE,ASHRAE_901_2013,2,NO_ECONOMIZER,0.285714286,0.142857143,False,True,2.836734694,3.265306122,1.203144894,0.35
COMMERCIAL_RESTAURANT_FULL_SERVICE,ASHRAE_901_2013,3,DIFFERENTIAL_DRY_BULB,0.285714286,0.142857143,False,True,2.530612245,4.030612245,1.203144894,0.35
COMMERCIAL_RESTAURANT_FULL_SERVICE,ASHRAE_901_2013,4,DIFFERENTIAL_DRY_BULB,0.285714286,0.142857143,False,True,2.224489796,4.795918367,1.203144894,0.35
COMMERCIAL_RESTAURANT_FULL_SERVICE,ASHRAE_901_2013,5,DIFFERENTIAL_DRY_BULB,0.285714286,0.142857143,False,True,1.918367347,5.56122449,1.203144894,0.35
COMMERCIAL_RESTAURANT_FULL_SERVICE,ASHRAE_901_2013,6,DIFFERENTIAL_DRY_BULB,0.285714286,0.142857143,False,True,1.612244898,6.326530612,1.203144894,0.35
COMMERCIAL_RESTAURANT_FULL_SERVICE,ASHRAE_901_2013,7,DIFFERENTIAL_DRY_BULB,0.285714286,0.142857143,False,True,1.306122449,7.091836735,1.203144894,0.35
COMMERCIAL_RESTAURANT_FULL_SERVICE,ASHRAE_901_2013,8,DIFFERENTIAL_DRY_BULB,0.285714286,0.142857143,False,True,1.0,7.857142857,1.203144894,0.35
COMMERCIAL_RESTAURANT_FULL_SERVICE,ASHRAE_901_2016,1,NO_ECONOMIZER,0.342857143,0.171428571,False,True,3.571428571,2.5,1.201572447,0.35
COMMERCIAL_RESTAURANT_FULL_SERVICE,ASHRAE_901_2016,2,NO_ECONOMIZER,0.342857143,0.171428571,False,True,3.204081633,3.418367347,1.201572447,0.35
COMMERCIAL_RESTAURANT_FULL_SERVICE,ASHRAE_901_2016,3,DIFFERENTIAL_DRY_BULB,0.342857143,0.171428571,False,True,2.836734694,4.336734694,1.201572447,0.35
COMMERCIAL_RESTAURANT_FULL_SERVICE,ASHRAE_901_2016,4,DIFFERENTIAL_DRY_BULB,0.342857143,0.171428571,False,True,2.469387755,5.255102041,1.201572447,0.35
COMMERCIAL_RESTAURANT_FULL_SERVICE,ASHRAE_901_2016,5,DIFFERENTIAL_DRY_BULB,0.342857143,0.171428571,False,True,2.102040816,6.173469388,1.201572447,0.35
COMMERCIAL_RESTAURANT_FULL_SERVICE,ASHRAE_901_2016,6,DIFFERENTIAL_DRY_BULB,0.342857143,0.171428571,False,True,1.734693878,7.091836735,1.201572447,0.35
COMMERCIAL_RESTAURANT_FULL_SERVICE,ASHRAE_901_2016,7,DIFFERENTIAL_DRY_BULB,0.342857143,0.171428571,False,True,1.367346939,8.010204082,1.201572447,0.35
COMMERCIAL_RESTAURANT_FULL_SERVICE,ASHRAE_901_2016,8,DIFFERENTIAL_DRY_BULB,0.342857143,0.171428571,False,True,1.0,8.928571429,1.201572447,0.35
COMMERCIAL_RESTAURANT_FULL_SERVICE,ASHRAE_901_2019,1,NO_ECONOMIZER,0.4,0.2,False,True,4.0,2.5,1.2,0.35
COMMERCIAL_RESTAURANT_FULL_SERVICE,ASHRAE_901_2019,2,NO_ECONOMIZER,0.4,0.2,False,True,3.571428571,3.571428571,1.2,0.35
COMMERCIAL_RESTAURANT_FULL_SERVICE,ASHRAE_901_2019,3,DIFFERENTIAL_DRY_BULB,0.4,0.2,False,True,3.142857143,4.642857143,1.2,0.35
COMMERCIAL_RESTAURANT_FULL_SERVICE,ASHRAE_901_2019,4,DIFFERENTIAL_DRY_BULB,0.4,0.2,False,True,2.714285714,5.714285714,1.2,0.35
COMMERCIAL_RESTAURANT_FULL_SERVICE,ASHRAE_901_2019,5,DIFFERENTIAL_DRY_BULB,0.4,0.2,False,True,2.285714286,6.785714286,1.2,0.35
COMMERCIAL_RESTAURANT_FULL_SERVICE,ASHRAE_901_2019,6,DIFFERENTIAL_DRY_BULB,0.4,0.2,False,True,1.857142857,7.857142857,1.2,0.35
COMMERCIAL_RESTAURANT_FULL_SERVICE,ASHRAE_901_2019,7,DIFFERENTIAL_DRY_BULB,0.4,0.2,False,True,1.428571429,8.928571429,1.2,0.35
COMMERCIAL_RESTAURANT_FULL_SERVICE,ASHRAE_901_2019,8,DIFFERENTIAL_DRY_BULB,0.4,0.2,False,True,1.0,10.0,1.2,0.35
COMMERCIAL_RESTAURANT_FULL_SERVICE,CBECS_1980_2004,1,NO_ECONOMIZER,0.057142857,0.028571429,False,False,1.428571429,2.5,1.209434683,0.35
COMMERCIAL_RESTAURANT_FULL_SERVICE,CBECS_1980_2004,2,NO_ECONOMIZER,0.057142857,0.028571429,False,False,1.367346939,2.653061224,1.209434683,0.35
COMMERCIAL_RESTAURANT_FULL_SERVICE,CBECS_1980_2004,3,NO_ECONOMIZER,0.057142857,0.028571429,False,False,1.306122449,2.806122449,1.209434683,0.35
COMMERCIAL_RESTAURANT_FULL_SERVICE,CBECS_1980_2004,4,NO_ECONOMIZER,0.057142857,0.028571429,False,False,1.244897959,2.959183673,1.209434683,0.35
COMMERCIAL_RESTAURANT_FULL_SERVICE,CBECS_1980_2004,5,NO_ECONOMIZER,0.057142857,0.028571429,False,False,1.183673469,3.112244898,1.209434683,0.35
COMMERCIAL_RESTAURANT_FULL_SERVICE,CBECS_1980_2004,6,NO_ECONOMIZER,0.057142857,0.028571429,False,False,1.12244898,3.265306122,1.209434683,0.35
COMMERCIAL_RESTAURANT_FULL_SERVICE,CBECS_1980_2004,7,NO_ECONOMIZER,0.057142857,0.028571429,False,False,1.06122449,3.418367347,1.209434683,0.35
COMMERCIAL_RESTAURANT_FULL_SERVICE,CBECS_1980_2004,8,NO_ECONOMIZER,0.057142857,0.028571429,False,False,1.0,3.571428571,1.209434683,0.35
COMMERCIAL_RESTAURANT_FULL_SERVICE,CBECS_PRE_1980,1,NO_ECONOMIZER,0.0,0.0,False,False,1.0,2.5,1.21100713,0.35
COMMERCIAL_RESTAURANT_FULL_SERVICE,CBECS_PRE_1980,2,NO_ECONOMIZER,0.0,0.0,False,False,1.0,2.5,1.21100713,0.35
COMMERCIAL_RESTAURANT_FULL_SERVICE,CBECS_PRE_1980,3,NO_ECONOMIZER,0.0,0.0,False,False,1.0,2.5,1.21100713,0.35
COMMERCIAL_RESTAURANT_FULL_SERVICE,CBECS_PRE_1980,4,NO_ECONOMIZER,0.0,0.0,False,False,1.0,2.5,1.21100713,0.35
COMMERCIAL_RESTAURANT_FULL_SERVICE,CBECS_PRE_1980,5,NO_ECONOMIZER,0.0,0.0,False,False,1.0,2.5,1.21100713,0.35
COMMERCIAL_RESTAURANT_FULL_SERVICE,CBECS_PRE_1980,6,NO_ECONOMIZER,0.0,0.0,False,False,1.0,2.5,1.21100713,0.35
COMMERCIAL_RESTAURANT_FULL_SERVICE,CBECS_PRE_1980,7,NO_ECONOMIZER,0.0,0.0,False,False,1.0,2.5,1.21100713,0.35
COMMERCIAL_RESTAURANT_FULL_SERVICE,CBECS_PRE_1980,8,NO_ECONOMIZER,0.0,0.0,False,False,1.0,2.5,1.21100713,0.35
COMMERCIAL_RESTAURANT_QUICK_SERVICE,ASHRAE_901_2004,1,NO_ECONOMIZER,0.114285714,0.057142857,False,True,1.857142857,2.5,1.201655208,0.35
COMMERCIAL_RESTAURANT_QUICK_SERVICE,ASHRAE_901_2004,2,NO_ECONOMIZER,0.114285714,0.057142857,False,True,1.734693878,2.806122449,1.201655208,0.35
COMMERCIAL_RESTAURANT_QUICK_SERVICE,ASHRAE_901_2004,3,DIFFERENTIAL_DRY_BULB,0.114285714,0.057142857,False,True,1.612244898,3.112244898,1.201655208,0.35
COMMERCIAL_RESTAURANT_QUICK_SERVICE,ASHRAE_901_2004,4,DIFFERENTIAL_DRY_BULB,0.114285714,0.057142857,False,True,1.489795918,3.418367347,1.201655208,0.35
COMMERCIAL_RESTAURANT_QUICK_SERVICE,ASHRAE_901_2004,5,DIFFERENTIAL_DRY_BULB,0.114285714,0.057142857,False,True,1.367346939,3.724489796,1.201655208,0.35
COMMERCIAL_RESTAURANT_QUICK_SERVICE,ASHRAE_901_2004,6,DIFFERENTIAL_DRY_BULB,0.114285714,0.057142857,False,True,1.244897959,4.030612245,1.201655208,0.35
COMMERCIAL_RESTAURANT_QUICK_SERVICE,ASHRAE_901_2004,7,DIFFERENTIAL_DRY_BULB,0.114285714,0.057142857,False,True,1.12244898,4.336734694,1.201655208,0.35
COMMERCIAL_RESTAURANT_QUICK_SERVICE,ASHRAE_901_2004,8,DIFFERENTIAL_DRY_BULB,0.114285714,0.057142857,False,True,1.0,4.642857143,1.201655208,0.35
COMMERCIAL_RESTAURANT_QUICK_SERVICE,ASHRAE_901_2007,1,NO_ECONOMIZER,0.171428571,0.085714286,False,True,2.285714286,2.5,1.201324166,0.35
COMMERCIAL_RESTAURANT_QUICK_SERVICE,ASHRAE_901_2007,2,NO_ECONOMIZER,0.171428571,0.085714286,False,True,2.102040816,2.959183673,1.201324166,0.35
COMMERCIAL_RESTAURANT_QUICK_SERVICE,ASHRAE_901_2007,3,DIFFERENTIAL_DRY_BULB,0.171428571,0.085714286,False,True,1.918367347,3.418367347,1.201324166,0.35
COMMERCIAL_RESTAURANT_QUICK_SERVICE,ASHRAE_901_2007,4,DIFFERENTIAL_DRY_BULB,0.171428571,0.085714286,False,True,1.734693878,3.87755102,1.201324166,0.35
COMMERCIAL_RESTAURANT_QUICK_SERVICE,ASHRAE_901_2007,5,DIFFERENTIAL_DRY_BULB,0.171428571,0.085714286,False,True,1.551020408,4.336734694,1.201324166,0.35
COMMERCIAL_RESTAURANT_QUICK_SERVICE,ASHRAE_901_2007,6,DIFFERENTIAL_DRY_BULB,0.171428571,0.085714286,False,True,1.367346939,4.795918367,1.201324166,0.35
COMMERCIAL_RESTAURANT_QUICK_SERVICE,ASHRAE_901_2007,7,DIFFERENTIAL_DRY_BULB,0.171428571,0.085714286,False,True,1.183673469,5.255102041,1.201324166,0.35
COMMERCIAL_RESTAURANT_QUICK_SERVICE,ASHRAE_901_2007,8,DIFFERENTIAL_DRY_BULB,0.171428571,0.085714286,False,True,1.0,5.714285714,1.201324166,0.35
COMMERCIAL_RESTAURANT_QUICK_SERVICE,ASHRAE_901_2010,1,NO_ECONOMIZER,0.228571429,0.114285714,False,True,2.714285714,2.5,1.200993125,0.35
COMMERCIAL_RESTAURANT_QUICK_SERVICE,ASHRAE_901_2010,2,NO_ECONOMIZER,0.228571429,0.114285714,False,True,2.469387755,3.112244898,1.200993125,0.35
COMMERCIAL_RESTAURANT_QUICK_SERVICE,ASHRAE_901_2010,3,DIFFERENTIAL_DRY_BULB,0.228571429,0.114285714,False,True,2.224489796,3.724489796,1.200993125,0.35
COMMERCIAL_RESTAURANT_QUICK_SERVICE,ASHRAE_901_2010,4,DIFFERENTIAL_DRY_BULB,0.228571429,0.114285714,False,True,1.979591837,4.336734694,1.200993125,0.35
COMMERCIAL_RESTAURANT_QUICK_SERVICE,ASHRAE_901_2010,5,DIFFERENTIAL_DRY_BULB,0.228571429,0.114285714,False,True,1.734693878,4.948979592,1.200993125,0.35
COMMERCIAL_RESTAURANT_QUICK_SERVICE,ASHRAE_901_2010,6,DIFFERENTIAL_DRY_BULB,0.228571429,0.114285714,False,True,1.489795918,5.56122449,1.200993125,0.35
COMMERCIAL_RESTAURANT_QUICK_SERVICE,ASHRAE_901_2010,7,DIFFERENTIAL_DRY_BULB,0.228571429,0.114285714,False,True,1.244897959,6.173469388,1.200993125,0.35
COMMERCIAL_RESTAURANT_QUICK_SERVICE,ASHRAE_901_2010,8,DIFFERENTIAL_DRY_BULB,0.228571429,0.114285714,False,True,1.0,6.785714286,1.200993125,0.35
COMMERCIAL_RESTAURANT_QUICK_SERVICE,ASHRAE_901_2013,1,NO_ECONOMIZER,0.285714286,0.142857143,False,True,3.142857143,2.5,1.200662083,0.35
COMMERCIAL_RESTAURANT_QUICK_SERVICE,ASHRAE_901_2013,2,NO_ECONOMIZER,0.285714286,0.142857143,False,True,2.836734694,3.265306122,1.200662083,0.35
COMMERCIAL_RESTAURANT_QUICK_SERVICE,ASHRAE_901_2013,3,DIFFERENTIAL_DRY_BULB,0.285714286,0.142857143,False,True,2.530612245,4.030612245,1.200662083,0.35
COMMERCIAL_RESTAURANT_QUICK_SERVICE,ASHRAE_901_2013,4,DIFFERENTIAL_DRY_BULB,0.285714286,0.142857143,False,True,2.224489796,4.795918367,1.200662083,0.35
COMMERCIAL_RESTAURANT_QUICK_SERVICE,ASHRAE_901_2013,5,DIFFERENTIAL_DRY_BULB,0.285714286,0.142857143,False,True,1.918367347,5.56122449,1.200662083,0.35
COMMERCIAL_RESTAURANT_QUICK_SERVICE,ASHRAE_901_2013,6,DIFFERENTIAL_DRY_BULB,0.285714286,0.142857143,False,True,1.612244898,6.326530612,1.200662083,0.35
COMMERCIAL_RESTAURANT_QUICK_SERVICE,ASHRAE_901_2013,7,DIFFERENTIAL_DRY_BULB,0.285714286,0.142857143,False,True,1.306122449,7.091836735,1.200662083,0.35
COMMERCIAL_RESTAURANT_QUICK_SERVICE,ASHRAE_901_2013,8,DIFFERENTIAL_DRY_BULB,0.285714286,0.142857143,False,True,1.0,7.857142857,1.200662083,0.35
COMMERCIAL_RESTAURANT_QUICK_SERVICE,ASHRAE_901_2016,1,NO_ECONOMIZER,0.342857143,0.171428571,False,True,3.571428571,2.5,1.200331042,0.35
COMMERCIAL_RESTAURANT_QUICK_SERVICE,ASHRAE_901_2016,2,NO_ECONOMIZER,0.342857143,0.171428571,False,True,3.204081633,3.418367347,1.200331042,0.35
COMMERCIAL_RESTAURANT_QUICK_SERVICE,ASHRAE_901_2016,3,DIFFERENTIAL_DRY_BULB,0.342857143,0.171428571,False,True,2.836734694,4.336734694,1.200331042,0.35
COMMERCIAL_RESTAURANT_QUICK_SERVICE,ASHRAE_901_2016,4,DIFFERENTIAL_DRY_BULB,0.342857143,0.171428571,False,True,2.469387755,5.255102041,1.200331042,0.35
COMMERCIAL_RESTAURANT_QUICK_SERVICE,ASHRAE_901_2016,5,DIFFERENTIAL_DRY_BULB,0.342857143,0.171428571,False,True,2.102040816,6.173469388,1.200331042,0.35
COMMERCIAL_RESTAURANT_QUICK_SERVICE,ASHRAE_901_2016,6,DIFFERENTIAL_DRY_BULB,0.342857143,0.171428571,False,True,1.734693878,7.091836735,1.200331042,0.35
COMMERCIAL_RESTAURANT_QUICK_SERVICE,ASHRAE_901_2016,7,DIFFERENTIAL_DRY_BULB,0.342857143,0.171428571,False,True,1.367346939,8.010204082,1.200331042,0.35
COMMERCIAL_RESTAURANT_QUICK_SERVICE,ASHRAE_901_2016,8,DIFFERENTIAL_DRY_BULB,0.342857143,0.171428571,False,True,1.0,8.928571429,1.200331042,0.35
COMMERCIAL_RESTAURANT_QUICK_SERVICE,ASHRAE_901_2019,1,NO_ECONOMIZER,0.4,0.2,False,True,4.0,2.5,1.2,0.35
COMMERCIAL_RESTAURANT_QUICK_SERVICE,ASHRAE_901_2019,2,NO_ECONOMIZER,0.4,0.2,False,True,3.571428571,3.571428571,1.2,0.35
COMMERCIAL_RESTAURANT_QUICK_SERVICE,ASHRAE_901_2019,3,DIFFERENTIAL_DRY_BULB,0.4,0.2,False,True,3.142857143,4.642857143,1.2,0.35
COMMERCIAL_RESTAURANT_QUICK_SERVICE,ASHRAE_901_2019,4,DIFFERENTIAL_DRY_BULB,0.4,0.2,False,True,2.714285714,5.714285714,1.2,0.35
COMMERCIAL_RESTAURANT_QUICK_SERVICE,ASHRAE_901_2019,5,DIFFERENTIAL_DRY_BULB,0.4,0.2,False,True,2.285714286,6.785714286,1.2,0.35
COMMERCIAL_RESTAURANT_QUICK_SERVICE,ASHRAE_901_2019,6,DIFFERENTIAL_DRY_BULB,0.4,0.2,False,True,1.857142857,7.857142857,1.2,0.35
COMMERCIAL_RESTAURANT_QUICK_SERVICE,ASHRAE_901_2019,7,DIFFERENTIAL_DRY_BULB,0.4,0.2,False,True,1.428571429,8.928571429,1.2,0.35
COMMERCIAL_RESTAURANT_QUICK_SERVICE,ASHRAE_901_2019,8,DIFFERENTIAL_DRY_BULB,0.4,0.2,False,True,1.0,10.0,1.2,0.35
COMMERCIAL_RESTAURANT_QUICK_SERVICE,CBECS_1980_2004,1,NO_ECONOMIZER,0.057142857,0.028571429,False,False,1.428571429,2.5,1.201986249,0.35
COMMERCIAL_RESTAURANT_QUICK_SERVICE,CBECS_1980_2004,2,NO_ECONOMIZER,0.057142857,0.028571429,False,False,1.367346939,2.653061224,1.201986249,0.35
COMMERCIAL_RESTAURANT_QUICK_SERVICE,CBECS_1980_2004,3,NO_ECONOMIZER,0.057142857,0.028571429,False,False,1.306122449,2.806122449,1.201986249,0.35
COMMERCIAL_RESTAURANT_QUICK_SERVICE,CBECS_1980_2004,4,NO_ECONOMIZER,0.057142857,0.028571429,False,False,1.244897959,2.959183673,1.201986249,0.35
COMMERCIAL_RESTAURANT_QUICK_SERVICE,CBECS_1980_2004,5,NO_ECONOMIZER,0.057142857,0.028571429,False,False,1.183673469,3.112244898,1.201986249,0.35
COMMERCIAL_RESTAURANT_QUICK_SERVICE,CBECS_1980_2004,6,NO_ECONOMIZER,0.057142857,0.028571429,False,False,1.12244898,3.265306122,1.201986249,0.35
COMMERCIAL_RESTAURANT_QUICK_SERVICE,CBECS_1980_2004,7,NO_ECONOMIZER,0.057142857,0.028571429,False,False,1.06122449,3.418367347,1.201986249,0.35
COMMERCIAL_RESTAURANT_QUICK_SERVICE,CBECS_1980_2004,8,NO_ECONOMIZER,0.057142857,0.028571429,False,False,1.0,3.571428571,1.201986249,0.35
COMMERCIAL_RESTAURANT_QUICK_SERVICE,CBECS_PRE_1980,1,NO_ECONOMIZER,0.0,0.0,False,False,1.0,2.5,1.202317291,0.35
COMMERCIAL_RESTAURANT_QUICK_SERVICE,CBECS_PRE_1980,2,NO_ECONOMIZER,0.0,0.0,False,False,1.0,2.5,1.202317291,0.35
COMMERCIAL_RESTAURANT_QUICK_SERVICE,CBECS_PRE_1980,3,NO_ECONOMIZER,0.0,0.0,False,False,1.0,2.5,1.202317291,0.35
COMMERCIAL_RESTAURANT_QUICK_SERVICE,CBECS_PRE_1980,4,NO_ECONOMIZER,0.0,0.0,False,False,1.0,2.5,1.202317291,0.35
COMMERCIAL_RESTAURANT_QUICK_SERVICE,CBECS_PRE_1980,5,NO_ECONOMIZER,0.0,0.0,False,False,1.0,2.5,1.202317291,0.35
COMMERCIAL_RESTAURANT_QUICK_SERVICE,CBECS_PRE_1980,6,NO_ECONOMIZER,0.0,0.0,False,False,1.0,2.5,1.202317291,0.35
COMMERCIAL_RESTAURANT_QUICK_SERVICE,CBECS_PRE_1980,7,NO_ECONOMIZER,0.0,0.0,False,False,1.0,2.5,1.202317291,0.35
COMMERCIAL_RESTAURANT_QUICK_SERVICE,CBECS_PRE_1980,8,NO_ECONOMIZER,0.0,0.0,False,False,1.0,2.5,1.202317291,0.35
COMMERCIAL_RETAIL,ASHRAE_901_2004,1,NO_ECONOMIZER,0.114285714,0.057142857,False,True,1.857142857,2.5,1.245104405,0.35
COMMERCIAL_RETAIL,ASHRAE_901_2004,2,NO_ECONOMIZER,0.114285714,0.057142857,False,True,1.734693878,2.806122449,1.245104405,0.35
COMMERCIAL_RETAIL,ASHRAE_901_2004,3,DIFFERENTIAL_DRY_BULB,0.114285714,0.057142857,False,True,1.612244898,3.112244898,1.245104405,0.35
COMMERCIAL_RETAIL,ASHRAE_901_2004,4,DIFFERENTIAL_DRY_BULB,0.114285714,0.057142857,False,True,1.489795918,3.418367347,1.245104405,0.35
COMMERCIAL_RETAIL,ASHRAE_901_2004,5,DIFFERENTIAL_DRY_BULB,0.114285714,0.057142857,False,True,1.367346939,3.724489796,1.245104405,0.35
COMMERCIAL_RETAIL,ASHRAE_901_2004,6,DIFFERENTIAL_DRY_BULB,0.114285714,0.057142857,False,True,1.244897959,4.030612245,1.245104405,0.35
COMMERCIAL_RETAIL,ASHRAE_901_2004,7,DIFFERENTIAL_DRY_BULB,0.114285714,0.057142857,False,True,1.12244898,4.336734694,1.245104405,0.35
COMMERCIAL_RETAIL,ASHRAE_901_2004,8,DIFFERENTIAL_DRY_BULB,0.114285714,0.057142857,False,True,1.0,4.642857143,1.245104405,0.35
COMMERCIAL_RETAIL,ASHRAE_901_2007,1,NO_ECONOMIZER,0.171428571,0.085714286,False,True,2.285714286,2.5,1.236083524,0.35
COMMERCIAL_RETAIL,ASHRAE_901_2007,2,NO_ECONOMIZER,0.171428571,0.085714286,False,True,2.102040816,2.959183673,1.236083524,0.35
COMMERCIAL_RETAIL,ASHRAE_901_2007,3,DIFFERENTIAL_DRY_BULB,0.171428571,0.085714286,False,True,1.918367347,3.418367347,1.236083524,0.35
COMMERCIAL_RETAIL,ASHRAE_901_2007,4,DIFFERENTIAL_DRY_BULB,0.171428571,0.085714286,False,True,1.734693878,3.87755102,1.236083524,0.35
COMMERCIAL_RETAIL,ASHRAE_901_2007,5,DIFFERENTIAL_DRY_BULB,0.171428571,0.085714286,False,True,1.551020408,4.336734694,1.236083524,0.35
COMMERCIAL_RETAIL,ASHRAE_901_2007,6,DIFFERENTIAL_DRY_BULB,0.171428571,0.085714286,False,True,1.367346939,4.795918367,1.236083524,0.35
COMMERCIAL_RETAIL,ASHRAE_901_2007,7,DIFFERENTIAL_DRY_BULB,0.171428571,0.085714286,False,True,1.183673469,5.255102041,1.236083524,0.35
COMMERCIAL_RETAIL,ASHRAE_901_2007,8,DIFFERENTIAL_DRY_BULB,0.171428571,0.085714286,False,True,1.0,5.714285714,1.236083524,0.35
COMMERCIAL_RETAIL,ASHRAE_901_2010,1,NO_ECONOMIZER,0.228571429,0.114285714,False,True,2.714285714,2.5,1.227062643,0.35
COMMERCIAL_RETAIL,ASHRAE_901_2010,2,NO_ECONOMIZER,0.228571429,0.114285714,False,True,2.469387755,3.112244898,1.227062643,0.35
COMMERCIAL_RETAIL,ASHRAE_901_2010,3,DIFFERENTIAL_DRY_BULB,0.228571429,0.114285714,False,True,2.224489796,3.724489796,1.227062643,0.35
COMMERCIAL_RETAIL,ASHRAE_901_2010,4,DIFFERENTIAL_DRY_BULB,0.228571429,0.114285714,False,True,1.979591837,4.336734694,1.227062643,0.35
COMMERCIAL_RETAIL,ASHRAE_901_2010,5,DIFFERENTIAL_DRY_BULB,0.228571429,0.114285714,False,True,1.734693878,4.948979592,1.227062643,0.35
COMMERCIAL_RETAIL,ASHRAE_901_2010,6,DIFFERENTIAL_DRY_BULB,0.228571429,0.114285714,False,True,1.489795918,5.56122449,1.227062643,0.35
COMMERCIAL_RETAIL,ASHRAE_901_2010,7,DIFFERENTIAL_DRY_BULB,0.228571429,0.114285714,False,True,1.244897959,6.173469388,1.227062643,0.35
COMMERCIAL_RETAIL,ASHRAE_901_2010,8,DIFFERENTIAL_DRY_BULB,0.228571429,0.114285714,False,True,1.0,6.785714286,1.227062643,0.35
COMMERCIAL_RETAIL,ASHRAE_901_2013,1,NO_ECONOMIZER,0.285714286,0.142857143,False,True,3.142857143,2.5,1.218041762,0.35
COMMERCIAL_RETAIL,ASHRAE_901_2013,2,NO_ECONOMIZER,0.285714286,0.142857143,False,True,2.836734694,3.265306122,1.218041762,0.35
COMMERCIAL_RETAIL,ASHRAE_901_2013,3,DIFFERENTIAL_DRY_BULB,0.285714286,0.142857143,False,True,2.530612245,4.030612245,1.218041762,0.35
COMMERCIAL_RETAIL,ASHRAE_901_2013,4,DIFFERENTIAL_DRY_BULB,0.285714286,0.142857143,False,True,2.224489796,4.795918367,1.218041762,0.35
COMMERCIAL_RETAIL,ASHRAE_901_2013,5,DIFFERENTIAL_DRY_BULB,0.285714286,0.142857143,False,True,1.918367347,5.56122449,1.218041762,0.35
COMMERCIAL_RETAIL,ASHRAE_901_2013,6,DIFFERENTIAL_DRY_BULB,0.285714286,0.142857143,False,True,1.612244898,6.326530612,1.218041762,0.35
COMMERCIAL_RETAIL,ASHRAE_901_2013,7,DIFFERENTIAL_DRY_BULB,0.285714286,0.142857143,False,True,1.306122449,7.091836735,1.218041762,0.35
COMMERCIAL_RETAIL,ASHRAE_901_2013,8,DIFFERENTIAL_DRY_BULB,0.285714286,0.142857143,False,True,1.0,7.857142857,1.218041762,0.35
COMMERCIAL_RETAIL,ASHRAE_901_2016,1,NO_ECONOMIZER,0.342857143,0.171428571,False,True,3.571428571,2.5,1.209020881,0.35
COMMERCIAL_RETAIL,ASHRAE_901_2016,2,NO_ECONOMIZER,0.342857143,0.171428571,False,True,3.204081633,3.418367347,1.209020881,0.35
COMMERCIAL_RETAIL,ASHRAE_901_2016,3,DIFFERENTIAL_DRY_BULB,0.342857143,0.171428571,False,True,2.836734694,4.336734694,1.209020881,0.35
COMMERCIAL_RETAIL,ASHRAE_901_2016,4,DIFFERENTIAL_DRY_BULB,0.342857143,0.171428571,False,True,2.469387755,5.255102041,1.209020881,0.35
COMMERCIAL_RETAIL,ASHRAE_901_2016,5,DIFFERENTIAL_DRY_BULB,0.342857143,0.171428571,False,True,2.102040816,6.173469388,1.209020881,0.35
COMMERCIAL_RETAIL,ASHRAE_901_2016,6,DIFFERENTIAL_DRY_BULB,0.342857143,0.171428571,False,True,1.734693878,7.091836735,1.209020881,0.35
COMMERCIAL_RETAIL,ASHRAE_901_2016,7,DIFFERENTIAL_DRY_BULB,0.342857143,0.171428571,False,True,1.367346939,8.010204082,1.209020881,0.35
COMMERCIAL_RETAIL,ASHRAE_901_2016,8,DIFFERENTIAL_DRY_BULB,0.342857143,0.171428571,False,True,1.0,8.928571429,1.209020881,0.35
COMMERCIAL_RETAIL,ASHRAE_901_2019,1,NO_ECONOMIZER,0.4,0.2,False,True,4.0,2.5,1.2,0.35
COMMERCIAL_RETAIL,ASHRAE_901_2019,2,NO_ECONOMIZER,0.4,0.2,False,True,3.571428571,3.571428571,1.2,0.35
COMMERCIAL_RETAIL,ASHRAE_901_2019,3,DIFFERENTIAL_DRY_BULB,0.4,0.2,False,True,3.142857143,4.642857143,1.2,0.35
COMMERCIAL_RETAIL,ASHRAE_901_2019,4,DIFFERENTIAL_DRY_BULB,0.4,0.2,False,True,2.714285714,5.714285714,1.2,0.35
COMMERCIAL_RETAIL,ASHRAE_901_2019,5,DIFFERENTIAL_DRY_BULB,0.4,0.2,False,True,2.285714286,6.785714286,1.2,0.35
COMMERCIAL_RETAIL,ASHRAE_901_2019,6,DIFFERENTIAL_DRY_BULB,0.4,0.2,False,True,1.857142857,7.857142857,1.2,0.35
COMMERCIAL_RETAIL,ASHRAE_901_2019,7,DIFFERENTIAL_DRY_BULB,0.4,0.2,False,True,1.428571429,8.928571429,1.2,0.35
COMMERCIAL_RETAIL,ASHRAE_901_2019,8,DIFFERENTIAL_DRY_BULB,0.4,0.2,False,True,1.0,10.0,1.2,0.35
COMMERCIAL_RETAIL,CBECS_1980_2004,1,NO_ECONOMIZER,0.057142857,0.028571429,False,False,1.428571429,2.5,1.254125286,0.35
COMMERCIAL_RETAIL,CBECS_1980_2004,2,NO_ECONOMIZER,0.057142857,0.028571429,False,False,1.367346939,2.653061224,1.254125286,0.35
COMMERCIAL_RETAIL,CBECS_1980_2004,3,NO_ECONOMIZER,0.057142857,0.028571429,False,False,1.306122449,2.806122449,1.254125286,0.35
COMMERCIAL_RETAIL,CBECS_1980_2004,4,NO_ECONOMIZER,0.057142857,0.028571429,False,False,1.244897959,2.959183673,1.254125286,0.35
COMMERCIAL_RETAIL,CBECS_1980_2004,5,NO_ECONOMIZER,0.057142857,0.028571429,False,False,1.183673469,3.112244898,1.254125286,0.35
COMMERCIAL_RETAIL,CBECS_1980_2004,6,NO_ECONOMIZER,0.057142857,0.028571429,False,False,1.12244898,3.265306122,1.254125286,0.35
COMMERCIAL_RETAIL,CBECS_1980_2004,7,NO_ECONOMIZER,0.057142857,0.028571429,False,False,1.06122449,3.418367347,1.254125286,0.35
COMMERCIAL_RETAIL,CBECS_1980_2004,8,NO_ECONOMIZER,0.057142857,0.028571429,False,False,1.0,3.571428571,1.254125286,0.35
COMMERCIAL_RETAIL,CBECS_PRE_1980,1,NO_ECONOMIZER,0.0,0.0,False,False,1.0,2.5,1.263146168,0.35
COMMERCIAL_RETAIL,CBECS_PRE_1980,2,NO_ECONOMIZER,0.0,0.0,False,False,1.0,2.5,1.263146168,0.35
COMMERCIAL_RETAIL,CBECS_PRE_1980,3,NO_ECONOMIZER,0.0,0.0,False,False,1.0,2.5,1.263146168,0.35
COMMERCIAL_RETAIL,CBECS_PRE_1980,4,NO_ECONOMIZER,0.0,0.0,False,False,1.0,2.5,1.263146168,0.35
COMMERCIAL_RETAIL,CBECS_PRE_1980,5,NO_ECONOMIZER,0.0,0.0,False,False,1.0,2.5,1.263146168,0.35
COMMERCIAL_RETAIL,CBECS_PRE_1980,6,NO_ECONOMIZER,0.0,0.0,False,False,1.0,2.5,1.263146168,0.35
COMMERCIAL_RETAIL,CBECS_PRE_1980,7,NO_ECONOMIZER,0.0,0.0,False,False,1.0,2.5,1.263146168,0.35
COMMERCIAL_RETAIL,CBECS_PRE_1980,8,NO_ECONOMIZER,0.0,0.0,False,False,1.0,2.5,1.263146168,0.35
COMMERCIAL_STRIP_MALL,ASHRAE_901_2004,1,NO_ECONOMIZER,0.114285714,0.057142857,False,True,1.857142857,2.5,1.404418131,0.35
COMMERCIAL_STRIP_MALL,ASHRAE_901_2004,2,NO_ECONOMIZER,0.114285714,0.057142857,False,True,1.734693878,2.806122449,1.404418131,0.35
COMMERCIAL_STRIP_MALL,ASHRAE_901_2004,3,DIFFERENTIAL_DRY_BULB,0.114285714,0.057142857,False,True,1.612244898,3.112244898,1.404418131,0.35
COMMERCIAL_STRIP_MALL,ASHRAE_901_2004,4,DIFFERENTIAL_DRY_BULB,0.114285714,0.057142857,False,True,1.489795918,3.418367347,1.404418131,0.35
COMMERCIAL_STRIP_MALL,ASHRAE_901_2004,5,DIFFERENTIAL_DRY_BULB,0.114285714,0.057142857,False,True,1.367346939,3.724489796,1.404418131,0.35
COMMERCIAL_STRIP_MALL,ASHRAE_901_2004,6,DIFFERENTIAL_DRY_BULB,0.114285714,0.057142857,False,True,1.244897959,4.030612245,1.404418131,0.35
COMMERCIAL_STRIP_MALL,ASHRAE_901_2004,7,DIFFERENTIAL_DRY_BULB,0.114285714,0.057142857,False,True,1.12244898,4.336734694,1.404418131,0.35
COMMERCIAL_STRIP_MALL,ASHRAE_901_2004,8,DIFFERENTIAL_DRY_BULB,0.114285714,0.057142857,False,True,1.0,4.642857143,1.404418131,0.35
COMMERCIAL_STRIP_MALL,ASHRAE_901_2007,1,NO_ECONOMIZER,0.171428571,0.085714286,False,True,2.285714286,2.5,1.363534505,0.35
COMMERCIAL_STRIP_MALL,ASHRAE_901_2007,2,NO_ECONOMIZER,0.171428571,0.085714286,False,True,2.102040816,2.959183673,1.363534505,0.35
COMMERCIAL_STRIP_MALL,ASHRAE_901_2007,3,DIFFERENTIAL_DRY_BULB,0.171428571,0.085714286,False,True,1.918367347,3.418367347,1.363534505,0.35
COMMERCIAL_STRIP_MALL,ASHRAE_901_2007,4,DIFFERENTIAL_DRY_BULB,0.171428571,0.085714286,False,True,1.734693878,3.87755102,1.363534505,0.35
COMMERCIAL_STRIP_MALL,ASHRAE_901_2007,5,DIFFERENTIAL_DRY_BULB,0.171428571,0.085714286,False,True,1.551020408,4.336734694,1.363534505,0.35
COMMERCIAL_STRIP_MALL,ASHRAE_901_2007,6,DIFFERENTIAL_DRY_BULB,0.171428571,0.085714286,False,True,1.367346939,4.795918367,1.363534505,0.35
COMMERCIAL_STRIP_MALL,ASHRAE_901_2007,7,DIFFERENTIAL_DRY_BULB,0.171428571,0.085714286,False,True,1.183673469,5.255102041,1.363534505,0.35
COMMERCIAL_STRIP_MALL,ASHRAE_901_2007,8,DIFFERENTIAL_DRY_BULB,0.171428571,0.085714286,False,True,1.0,5.714285714,1.363534505,0.35
COMMERCIAL_STRIP_MALL,ASHRAE_901_2010,1,NO_ECONOMIZER,0.228571429,0.114285714,False,True,2.714285714,2.5,1.322650879,0.35
COMMERCIAL_STRIP_MALL,ASHRAE_901_2010,2,NO_ECONOMIZER,0.228571429,0.114285714,False,True,2.469387755,3.112244898,1.322650879,0.35
COMMERCIAL_STRIP_MALL,ASHRAE_901_2010,3,DIFFERENTIAL_DRY_BULB,0.228571429,0.114285714,False,True,2.224489796,3.724489796,1.322650879,0.35
COMMERCIAL_STRIP_MALL,ASHRAE_901_2010,4,DIFFERENTIAL_DRY_BULB,0.228571429,0.114285714,False,True,1.979591837,4.336734694,1.322650879,0.35
COMMERCIAL_STRIP_MALL,ASHRAE_901_2010,5,DIFFERENTIAL_DRY_BULB,0.228571429,0.114285714,False,True,1.734693878,4.948979592,1.322650879,0.35
COMMERCIAL_STRIP_MALL,ASHRAE_901_2010,6,DIFFERENTIAL_DRY_BULB,0.228571429,0.114285714,False,True,1.489795918,5.56122449,1.322650879,0.35
COMMERCIAL_STRIP_MALL,ASHRAE_901_2010,7,DIFFERENTIAL_DRY_BULB,0.228571429,0.114285714,False,True,1.244897959,6.173469388,1.322650879,0.35
COMMERCIAL_STRIP_MALL,ASHRAE_901_2010,8,DIFFERENTIAL_DRY_BULB,0.228571429,0.114285714,False,True,1.0,6.785714286,1.322650879,0.35
COMMERCIAL_STRIP_MALL,ASHRAE_901_2013,1,NO_ECONOMIZER,0.285714286,0.142857143,False,True,3.142857143,2.5,1.281767252,0.35
COMMERCIAL_STRIP_MALL,ASHRAE_901_2013,2,NO_ECONOMIZER,0.285714286,0.142857143,False,True,2.836734694,3.265306122,1.281767252,0.35
COMMERCIAL_STRIP_MALL,ASHRAE_901_2013,3,DIFFERENTIAL_DRY_BULB,0.285714286,0.142857143,False,True,2.530612245,4.030612245,1.281767252,0.35
COMMERCIAL_STRIP_MALL,ASHRAE_901_2013,4,DIFFERENTIAL_DRY_BULB,0.285714286,0.142857143,False,True,2.224489796,4.795918367,1.281767252,0.35
COMMERCIAL_STRIP_MALL,ASHRAE_901_2013,5,DIFFERENTIAL_DRY_BULB,0.285714286,0.142857143,False,True,1.918367347,5.56122449,1.281767252,0.35
COMMERCIAL_STRIP_MALL,ASHRAE_901_2013,6,DIFFERENTIAL_DRY_BULB,0.285714286,0.142857143,False,True,1.612244898,6.326530612,1.281767252,0.35
COMMERCIAL_STRIP_MALL,ASHRAE_901_2013,7,DIFFERENTIAL_DRY_BULB,0.285714286,0.142857143,False,True,1.306122449,7.091836735,1.281767252,0.35
COMMERCIAL_STRIP_MALL,ASHRAE_901_2013,8,DIFFERENTIAL_DRY_BULB,0.285714286,0.142857143,False,True,1.0,7.857142857,1.281767252,0.35
COMMERCIAL_STRIP_MALL,ASHRAE_901_2016,1,NO_ECONOMIZER,0.342857143,0.171428571,False,True,3.571428571,2.5,1.240883626,0.35
COMMERCIAL_STRIP_MALL,ASHRAE_901_2016,2,NO_ECONOMIZER,0.342857143,0.171428571,False,True,3.204081633,3.418367347,1.240883626,0.35
COMMERCIAL_STRIP_MALL,ASHRAE_901_2016,3,DIFFERENTIAL_DRY_BULB,0.342857143,0.171428571,False,True,2.836734694,4.336734694,1.240883626,0.35
COMMERCIAL_STRIP_MALL,ASHRAE_901_2016,4,DIFFERENTIAL_DRY_BULB,0.342857143,0.171428571,False,True,2.469387755,5.255102041,1.240883626,0.35
COMMERCIAL_STRIP_MALL,ASHRAE_901_2016,5,DIFFERENTIAL_DRY_BULB,0.342857143,0.171428571,False,True,2.102040816,6.173469388,1.240883626,0.35
COMMERCIAL_STRIP_MALL,ASHRAE_901_2016,6,DIFFERENTIAL_DRY_BULB,0.342857143,0.171428571,False,True,1.734693878,7.091836735,1.240883626,0.35
COMMERCIAL_STRIP_MALL,ASHRAE_901_2016,7,DIFFERENTIAL_DRY_BULB,0.342857143,0.171428571,False,True,1.367346939,8.010204082,1.240883626,0.35
COMMERCIAL_STRIP_MALL,ASHRAE_901_2016,8,DIFFERENTIAL_DRY_BULB,0.342857143,0.171428571,False,True,1.0,8.928571429,1.240883626,0.35
COMMERCIAL_STRIP_MALL,ASHRAE_901_2019,1,NO_ECONOMIZER,0.4,0.2,False,True,4.0,2.5,1.2,0.35
COMMERCIAL_STRIP_MALL,ASHRAE_901_2019,2,NO_ECONOMIZER,0.4,0.2,False,True,3.571428571,3.571428571,1.2,0.35
COMMERCIAL_STRIP_MALL,ASHRAE_901_2019,3,DIFFERENTIAL_DRY_BULB,0.4,0.2,False,True,3.142857143,4.642857143,1.2,0.35
COMMERCIAL_STRIP_MALL,ASHRAE_901_2019,4,DIFFERENTIAL_DRY_BULB,0.4,0.2,False,True,2.714285714,5.714285714,1.2,0.35
COMMERCIAL_STRIP_MALL,ASHRAE_901_2019,5,DIFFERENTIAL_DRY_BULB,0.4,0.2,False,True,2.285714286,6.785714286,1.2,0.35
COMMERCIAL_STRIP_MALL,ASHRAE_901_2019,6,DIFFERENTIAL_DRY_BULB,0.4,0.2,False,True,1.857142857,7.857142857,1.2,0.35
COMMERCIAL_STRIP_MALL,ASHRAE_901_2019,7,DIFFERENTIAL_DRY_BULB,0.4,0.2,False,True,1.428571429,8.928571429,1.2,0.35
COMMERCIAL_STRIP_MALL,ASHRAE_901_2019,8,DIFFERENTIAL_DRY_BULB,0.4,0.2,False,True,1.0,10.0,1.2,0.35
COMMERCIAL_STRIP_MALL,CBECS_1980_2004,1,NO_ECONOMIZER,0.057142857,0.028571429,False,False,1.428571429,2.5,1.445301757,0.35
COMMERCIAL_STRIP_MALL,CBECS_1980_2004,2,NO_ECONOMIZER,0.057142857,0.028571429,False,False,1.367346939,2.653061224,1.445301757,0.35
COMMERCIAL_STRIP_MALL,CBECS_1980_2004,3,NO_ECONOMIZER,0.057142857,0.028571429,False,False,1.306122449,2.806122449,1.445301757,0.35
COMMERCIAL_STRIP_MALL,CBECS_1980_2004,4,NO_ECONOMIZER,0.057142857,0.028571429,False,False,1.244897959,2.959183673,1.445301757,0.35
COMMERCIAL_STRIP_MALL,CBECS_1980_2004,5,NO_ECONOMIZER,0.057142857,0.028571429,False,False,1.183673469,3.112244898,1.445301757,0.35
COMMERCIAL_STRIP_MALL,CBECS_1980_2004,6,NO_ECONOMIZER,0.057142857,0.028571429,False,False,1.12244898,3.265306122,1.445301757,0.35
COMMERCIAL_STRIP_MALL,CBECS_1980_2004,7,NO_ECONOMIZER,0.057142857,0.028571429,False,False,1.06122449,3.418367347,1.445301757,0.35
COMMERCIAL_STRIP_MALL,CBECS_1980_2004,8,NO_ECONOMIZER,0.057142857,0.028571429,False,False,1.0,3.571428571,1.445301757,0.35
COMMERCIAL_STRIP_MALL,CBECS_PRE_1980,1,NO_ECONOMIZER,0.0,0.0,False,False,1.0,2.5,1.486185383,0.35
COMMERCIAL_STRIP_MALL,CBECS_PRE_1980,2,NO_ECONOMIZER,0.0,0.0,False,False,1.0,2.5,1.486185383,0.35
COMMERCIAL_STRIP_MALL,CBECS_PRE_1980,3,NO_ECONOMIZER,0.0,0.0,False,False,1.0,2.5,1.486185383,0.35
COMMERCIAL_STRIP_MALL,CBECS_PRE_1980,4,NO_ECONOMIZER,0.0,0.0,False,False,1.0,2.5,1.486185383,0.35
COMMERCIAL_STRIP_MALL,CBECS_PRE_1980,5,NO_ECONOMIZER,0.0,0.0,False,False,1.0,2.5,1.486185383,0.35
COMMERCIAL_STRIP_MALL,CBECS_PRE_1980,6,NO_ECONOMIZER,0.0,0.0,False,False,1.0,2.5,1.486185383,0.35
COMMERCIAL_STRIP_MALL,CBECS_PRE_1980,7,NO_ECONOMIZER,0.0,0.0,False,False,1.0,2.5,1.486185383,0.35
COMMERCIAL_STRIP_MALL,CBECS_PRE_1980,8,NO_ECONOMIZER,0.0,0.0,False,False,1.0,2.5,1.486185383,0.35
COMMERCIAL_SUPERMARKET,ASHRAE_901_2004,1,NO_ECONOMIZER,0.114285714,0.057142857,False,True,1.857142857,2.5,1.284415584,0.35
COMMERCIAL_SUPERMARKET,ASHRAE_901_2004,2,NO_ECONOMIZER,0.114285714,0.057142857,False,True,1.734693878,2.806122449,1.284415584,0.35
COMMERCIAL_SUPERMARKET,ASHRAE_901_2004,3,DIFFERENTIAL_DRY_BULB,0.114285714,0.057142857,False,True,1.612244898,3.112244898,1.284415584,0.35
COMMERCIAL_SUPERMARKET,ASHRAE_901_2004,4,DIFFERENTIAL_DRY_BULB,0.114285714,0.057142857,False,True,1.489795918,3.418367347,1.284415584,0.35
COMMERCIAL_SUPERMARKET,ASHRAE_901_2004,5,DIFFERENTIAL_DRY_BULB,0.114285714,0.057142857,False,True,1.367346939,3.724489796,1.284415584,0.35
COMMERCIAL_SUPERMARKET,ASHRAE_901_2004,6,DIFFERENTIAL_DRY_BULB,0.114285714,0.057142857,False,True,1.244897959,4.030612245,1.284415584,0.35
COMMERCIAL_SUPERMARKET,ASHRAE_901_2004,7,DIFFERENTIAL_DRY_BULB,0.114285714,0.057142857,False,True,1.12244898,4.336734694,1.284415584,0.35
COMMERCIAL_SUPERMARKET,ASHRAE_901_2004,8,DIFFERENTIAL_DRY_BULB,0.114285714,0.057142857,False,True,1.0,4.642857143,1.284415584,0.35
COMMERCIAL_SUPERMARKET,ASHRAE_901_2007,1,NO_ECONOMIZER,0.171428571,0.085714286,False,True,2.285714286,2.5,1.267532468,0.35
COMMERCIAL_SUPERMARKET,ASHRAE_901_2007,2,NO_ECONOMIZER,0.171428571,0.085714286,False,True,2.102040816,2.959183673,1.267532468,0.35
COMMERCIAL_SUPERMARKET,ASHRAE_901_2007,3,DIFFERENTIAL_DRY_BULB,0.171428571,0.085714286,False,True,1.918367347,3.418367347,1.267532468,0.35
COMMERCIAL_SUPERMARKET,ASHRAE_901_2007,4,DIFFERENTIAL_DRY_BULB,0.171428571,0.085714286,False,True,1.734693878,3.87755102,1.267532468,0.35
COMMERCIAL_SUPERMARKET,ASHRAE_901_2007,5,DIFFERENTIAL_DRY_BULB,0.171428571,0.085714286,False,True,1.551020408,4.336734694,1.267532468,0.35
COMMERCIAL_SUPERMARKET,ASHRAE_901_2007,6,DIFFERENTIAL_DRY_BULB,0.171428571,0.085714286,False,True,1.367346939,4.795918367,1.267532468,0.35
COMMERCIAL_SUPERMARKET,ASHRAE_901_2007,7,DIFFERENTIAL_DRY_BULB,0.171428571,0.085714286,False,True,1.183673469,5.255102041,1.267532468,0.35
COMMERCIAL_SUPERMARKET,ASHRAE_901_2007,8,DIFFERENTIAL_DRY_BULB,0.171428571,0.085714286,False,True,1.0,5.714285714,1.267532468,0.35
COMMERCIAL_SUPERMARKET,ASHRAE_901_2010,1,NO_ECONOMIZER,0.228571429,0.114285714,False,True,2.714285714,2.5,1.250649351,0.35
COMMERCIAL_SUPERMARKET,ASHRAE_901_2010,2,NO_ECONOMIZER,0.228571429,0.114285714,False,True,2.469387755,3.112244898,1.250649351,0.35
COMMERCIAL_SUPERMARKET,ASHRAE_901_2010,3,DIFFERENTIAL_DRY_BULB,0.228571429,0.114285714,False,True,2.224489796,3.724489796,1.250649351,0.35
COMMERCIAL_SUPERMARKET,ASHRAE_901_2010,4,DIFFERENTIAL_DRY_BULB,0.228571429,0.114285714,False,True,1.979591837,4.336734694,1.250649351,0.35
COMMERCIAL_SUPERMARKET,ASHRAE_901_2010,5,DIFFERENTIAL_DRY_BULB,0.228571429,0.114285714,False,True,1.734693878,4.948979592,1.250649351,0.35
COMMERCIAL_SUPERMARKET,ASHRAE_901_2010,6,DIFFERENTIAL_DRY_BULB,0.228571429,0.114285714,False,True,1.489795918,5.56122449,1.250649351,0.35
COMMERCIAL_SUPERMARKET,ASHRAE_901_2010,7,DIFFERENTIAL_DRY_BULB,0.228571429,0.114285714,False,True,1.244897959,6.173469388,1.250649351,0.35
COMMERCIAL_SUPERMARKET,ASHRAE_901_2010,8,DIFFERENTIAL_DRY_BULB,0.228571429,0.114285714,False,True,1.0,6.785714286,1.250649351,0.35
COMMERCIAL_SUPERMARKET,ASHRAE_901_2013,1,NO_ECONOMIZER,0.285714286,0.142857143,False,True,3.142857143,2.5,1.233766234,0.35
COMMERCIAL_SUPERMARKET,ASHRAE_901_2013,2,NO_ECONOMIZER,0.285714286,0.142857143,False,True,2.836734694,3.265306122,1.233766234,0.35
COMMERCIAL_SUPERMARKET,ASHRAE_901_2013,3,DIFFERENTIAL_DRY_BULB,0.285714286,0.142857143,False,True,2.530612245,4.030612245,1.233766234,0.35
COMMERCIAL_SUPERMARKET,ASHRAE_901_2013,4,DIFFERENTIAL_DRY_BULB,0.285714286,0.142857143,False,True,2.224489796,4.795918367,1.233766234,0.35
COMMERCIAL_SUPERMARKET,ASHRAE_901_2013,5,DIFFERENTIAL_DRY_BULB,0.285714286,0.142857143,False,True,1.918367347,5.56122449,1.233766234,0.35
COMMERCIAL_SUPERMARKET,ASHRAE_901_2013,6,DIFFERENTIAL_DRY_BULB,0.285714286,0.142857143,False,True,1.612244898,6.326530612,1.233766234,0.35
COMMERCIAL_SUPERMARKET,ASHRAE_901_2013,7,DIFFERENTIAL_DRY_BULB,0.285714286,0.142857143,False,True,1.306122449,7.091836735,1.233766234,0.35
COMMERCIAL_SUPERMARKET,ASHRAE_901_2013,8,DIFFERENTIAL_DRY_BULB,0.285714286,0.142857143,False,True,1.0,7.857142857,1.233766234,0.35
COMMERCIAL_SUPERMARKET,ASHRAE_901_2016,1,NO_ECONOMIZER,0.342857143,0.171428571,False,True,3.571428571,2.5,1.216883117,0.35
COMMERCIAL_SUPERMARKET,ASHRAE_901_2016,2,NO_ECONOMIZER,0.342857143,0.171428571,False,True,3.204081633,3.418367347,1.216883117,0.35
COMMERCIAL_SUPERMARKET,ASHRAE_901_2016,3,DIFFERENTIAL_DRY_BULB,0.342857143,0.171428571,False,True,2.836734694,4.336734694,1.216883117,0.35
COMMERCIAL_SUPERMARKET,ASHRAE_901_2016,4,DIFFERENTIAL_DRY_BULB,0.342857143,0.171428571,False,True,2.469387755,5.255102041,1.216883117,0.35
COMMERCIAL_SUPERMARKET,ASHRAE_901_2016,5,DIFFERENTIAL_DRY_BULB,0.342857143,0.171428571,False,True,2.102040816,6.173469388,1.216883117,0.35
COMMERCIAL_SUPERMARKET,ASHRAE_901_2016,6,DIFFERENTIAL_DRY_BULB,0.342857143,0.171428571,False,True,1.734693878,7.091836735,1.216883117,0.35
COMMERCIAL_SUPERMARKET,ASHRAE_901_2016,7,DIFFERENTIAL_DRY_BULB,0.342857143,0.171428571,False,True,1.367346939,8.010204082,1.216883117,0.35
COMMERCIAL_SUPERMARKET,ASHRAE_901_2016,8,DIFFERENTIAL_DRY_BULB,0.342857143,0.171428571,False,True,1.0,8.928571429,1.216883117,0.35
COMMERCIAL_SUPERMARKET,ASHRAE_901_2019,1,NO_ECONOMIZER,0.4,0.2,False,True,4.0,2.5,1.2,0.35
COMMERCIAL_SUPERMARKET,ASHRAE_901_2019,2,NO_ECONOMIZER,0.4,0.2,False,True,3.571428571,3.571428571,1.2,0.35
COMMERCIAL_SUPERMARKET,ASHRAE_901_2019,3,DIFFERENTIAL_DRY_BULB,0.4,0.2,False,True,3.142857143,4.642857143,1.2,0.35
COMMERCIAL_SUPERMARKET,ASHRAE_901_2019,4,DIFFERENTIAL_DRY_BULB,0.4,0.2,False,True,2.714285714,5.714285714,1.2,0.35
COMMERCIAL_SUPERMARKET,ASHRAE_901_2019,5,DIFFERENTIAL_DRY_BULB,0.4,0.2,False,True,2.285714286,6.785714286,1.2,0.35
COMMERCIAL_SUPERMARKET,ASHRAE_901_2019,6,DIFFERENTIAL_DRY_BULB,0.4,0.2,False,True,1.857142857,7.857142857,1.2,0.35
COMMERCIAL_SUPERMARKET,ASHRAE_901_2019,7,DIFFERENTIAL_DRY_BULB,0.4,0.2,False,True,1.428571429,8.928571429,1.2,0.35
COMMERCIAL_SUPERMARKET,ASHRAE_901_2019,8,DIFFERENTIAL_DRY_BULB,0.4,0.2,False,True,1.0,10.0,1.2,0.35
COMMERCIAL_SUPERMARKET,CBECS_1980_2004,1,NO_ECONOMIZER,0.057142857,0.028571429,False,False,1.428571429,2.5,1.301298701,0.35
COMMERCIAL_SUPERMARKET,CBECS_1980_2004,2,NO_ECONOMIZER,0.057142857,0.028571429,False,False,1.367346939,2.653061224,1.301298701,0.35
COMMERCIAL_SUPERMARKET,CBECS_1980_2004,3,NO_ECONOMIZER,0.057142857,0.028571429,False,False,1.306122449,2.806122449,1.301298701,0.35
COMMERCIAL_SUPERMARKET,CBECS_1980_2004,4,NO_ECONOMIZER,0.057142857,0.028571429,False,False,1.244897959,2.959183673,1.301298701,0.35
COMMERCIAL_SUPERMARKET,CBECS_1980_2004,5,NO_ECONOMIZER,0.057142857,0.028571429,False,False,1.183673469,3.112244898,1.301298701,0.35
COMMERCIAL_SUPERMARKET,CBECS_1980_2004,6,NO_ECONOMIZER,0.057142857,0.028571429,False,False,1.12244898,3.265306122,1.301298701,0.35
COMMERCIAL_SUPERMARKET,CBECS_1980_2004,7,NO_ECONOMIZER,0.057142857,0.028571429,False,False,1.06122449,3.418367347,1.301298701,0.35
COMMERCIAL_SUPERMARKET,CBECS_1980_2004,8,NO_ECONOMIZER,0.057142857,0.028571429,False,False,1.0,3.571428571,1.301298701,0.35
COMMERCIAL_SUPERMARKET,CBECS_PRE_1980,1,NO_ECONOMIZER,0.0,0.0,False,False,1.0,2.5,1.318181818,0.35
COMMERCIAL_SUPERMARKET,CBECS_PRE_1980,2,NO_ECONOMIZER,0.0,0.0,False,False,1.0,2.5,1.318181818,0.35
COMMERCIAL_SUPERMARKET,CBECS_PRE_1980,3,NO_ECONOMIZER,0.0,0.0,False,False,1.0,2.5,1.318181818,0.35
COMMERCIAL_SUPERMARKET,CBECS_PRE_1980,4,NO_ECONOMIZER,0.0,0.0,False,False,1.0,2.5,1.318181818,0.35
COMMERCIAL_SUPERMARKET,CBECS_PRE_1980,5,NO_ECONOMIZER,0.0,0.0,False,False,1.0,2.5,1.318181818,0.35
COMMERCIAL_SUPERMARKET,CBECS_PRE_1980,6,NO_ECONOMIZER,0.0,0.0,False,False,1.0,2.5,1.318181818,0.35
COMMERCIAL_SUPERMARKET,CBECS_PRE_1980,7,NO_ECONOMIZER,0.0,0.0,False,False,1.0,2.5,1.318181818,0.35
COMMERCIAL_SUPERMARKET,CBECS_PRE_1980,8,NO_ECONOMIZER,0.0,0.0,False,False,1.0,2.5,1.318181818,0.35
DATACENTER_LARGE_HIGH_ITE,ASHRAE_901_2004,1,NO_ECONOMIZER,0.114285714,0.057142857,False,False,1.857142857,2.5,1.363037942,0.35
DATACENTER_LARGE_HIGH_ITE,ASHRAE_901_2004,2,NO_ECONOMIZER,0.114285714,0.057142857,False,False,1.734693878,2.806122449,1.363037942,0.35
DATACENTER_LARGE_HIGH_ITE,ASHRAE_901_2004,3,DIFFERENTIAL_ENTHALPY,0.114285714,0.057142857,False,False,1.612244898,3.112244898,1.363037942,0.35
DATACENTER_LARGE_HIGH_ITE,ASHRAE_901_2004,4,DIFFERENTIAL_ENTHALPY,0.114285714,0.057142857,False,False,1.489795918,3.418367347,1.363037942,0.35
DATACENTER_LARGE_HIGH_ITE,ASHRAE_901_2004,5,DIFFERENTIAL_ENTHALPY,0.114285714,0.057142857,False,False,1.367346939,3.724489796,1.363037942,0.35
DATACENTER_LARGE_HIGH_ITE,ASHRAE_901_2004,6,DIFFERENTIAL_ENTHALPY,0.114285714,0.057142857,False,False,1.244897959,4.030612245,1.363037942,0.35
DATACENTER_LARGE_HIGH_ITE,ASHRAE_901_2004,7,DIFFERENTIAL_ENTHALPY,0.114285714,0.057142857,False,False,1.12244898,4.336734694,1.363037942,0.35
DATACENTER_LARGE_HIGH_ITE,ASHRAE_901_2004,8,DIFFERENTIAL_ENTHALPY,0.114285714,0.057142857,False,False,1.0,4.642857143,1.363037942,0.35
DATACENTER_LARGE_HIGH_ITE,ASHRAE_901_2007,1,NO_ECONOMIZER,0.171428571,0.085714286,False,False,2.285714286,2.5,1.330430354,0.35
DATACENTER_LARGE_HIGH_ITE,ASHRAE_901_2007,2,NO_ECONOMIZER,0.171428571,0.085714286,False,False,2.102040816,2.959183673,1.330430354,0.35
DATACENTER_LARGE_HIGH_ITE,ASHRAE_901_2007,3,DIFFERENTIAL_ENTHALPY,0.171428571,0.085714286,False,False,1.918367347,3.418367347,1.330430354,0.35
DATACENTER_LARGE_HIGH_ITE,ASHRAE_901_2007,4,DIFFERENTIAL_ENTHALPY,0.171428571,0.085714286,False,False,1.734693878,3.87755102,1.330430354,0.35
DATACENTER_LARGE_HIGH_ITE,ASHRAE_901_2007,5,DIFFERENTIAL_ENTHALPY,0.171428571,0.085714286,False,False,1.551020408,4.336734694,1.330430354,0.35
DATACENTER_LARGE_HIGH_ITE,ASHRAE_901_2007,6,DIFFERENTIAL_ENTHALPY,0.171428571,0.085714286,False,False,1.367346939,4.795918367,1.330430354,0.35
DATACENTER_LARGE_HIGH_ITE,ASHRAE_901_2007,7,DIFFERENTIAL_ENTHALPY,0.171428571,0.085714286,False,False,1.183673469,5.255102041,1.330430354,0.35
DATACENTER_LARGE_HIGH_ITE,ASHRAE_901_2007,8,DIFFERENTIAL_ENTHALPY,0.171428571,0.085714286,False,False,1.0,5.714285714,1.330430354,0.35
DATACENTER_LARGE_HIGH_ITE,ASHRAE_901_2010,1,NO_ECONOMIZER,0.228571429,0.114285714,False,False,2.714285714,2.5,1.297822765,0.35
DATACENTER_LARGE_HIGH_ITE,ASHRAE_901_2010,2,NO_ECONOMIZER,0.228571429,0.114285714,False,False,2.469387755,3.112244898,1.297822765,0.35
DATACENTER_LARGE_HIGH_ITE,ASHRAE_901_2010,3,DIFFERENTIAL_ENTHALPY,0.228571429,0.114285714,False,False,2.224489796,3.724489796,1.297822765,0.35
DATACENTER_LARGE_HIGH_ITE,ASHRAE_901_2010,4,DIFFERENTIAL_ENTHALPY,0.228571429,0.114285714,False,False,1.979591837,4.336734694,1.297822765,0.35
DATACENTER_LARGE_HIGH_ITE,ASHRAE_901_2010,5,DIFFERENTIAL_ENTHALPY,0.228571429,0.114285714,False,False,1.734693878,4.948979592,1.297822765,0.35
DATACENTER_LARGE_HIGH_ITE,ASHRAE_901_2010,6,DIFFERENTIAL_ENTHALPY,0.228571429,0.114285714,False,False,1.489795918,5.56122449,1.297822765,0.35
DATACENTER_LARGE_HIGH_ITE,ASHRAE_901_2010,7,DIFFERENTIAL_ENTHALPY,0.228571429,0.114285714,False,False,1.244897959,6.173469388,1.297822765,0.35
DATACENTER_LARGE_HIGH_ITE,ASHRAE_901_2010,8,DIFFERENTIAL_ENTHALPY,0.228571429,0.114285714,False,False,1.0,6.785714286,1.297822765,0.35
DATACENTER_LARGE_HIGH_ITE,ASHRAE_901_2013,1,NO_ECONOMIZER,0.285714286,0.142857143,False,False,3.142857143,2.5,1.265215177,0.35
DATACENTER_LARGE_HIGH_ITE,ASHRAE_901_2013,2,NO_ECONOMIZER,0.285714286,0.142857143,False,False,2.836734694,3.265306122,1.265215177,0.35
DATACENTER_LARGE_HIGH_ITE,ASHRAE_901_2013,3,DIFFERENTIAL_ENTHALPY,0.285714286,0.142857143,False,False,2.530612245,4.030612245,1.265215177,0.35
DATACENTER_LARGE_HIGH_ITE,ASHRAE_901_2013,4,DIFFERENTIAL_ENTHALPY,0.285714286,0.142857143,False,False,2.224489796,4.795918367,1.265215177,0.35
DATACENTER_LARGE_HIGH_ITE,ASHRAE_901_2013,5,DIFFERENTIAL_ENTHALPY,0.285714286,0.142857143,False,False,1.918367347,5.56122449,1.265215177,0.35
DATACENTER_LARGE_HIGH_ITE,ASHRAE_901_2013,6,DIFFERENTIAL_ENTHALPY,0.285714286,0.142857143,False,False,1.612244898,6.326530612,1.265215177,0.35
DATACENTER_LARGE_HIGH_ITE,ASHRAE_901_2013,7,DIFFERENTIAL_ENTHALPY,0.285714286,0.142857143,False,False,1.306122449,7.091836735,1.265215177,0.35
DATACENTER_LARGE_HIGH_ITE,ASHRAE_901_2013,8,DIFFERENTIAL_ENTHALPY,0.285714286,0.142857143,False,False,1.0,7.857142857,1.265215177,0.35
DATACENTER_LARGE_HIGH_ITE,ASHRAE_901_2016,1,NO_ECONOMIZER,0.342857143,0.171428571,False,False,3.571428571,2.5,1.232607588,0.35
DATACENTER_LARGE_HIGH_ITE,ASHRAE_901_2016,2,NO_ECONOMIZER,0.342857143,0.171428571,False,False,3.204081633,3.418367347,1.232607588,0.35
DATACENTER_LARGE_HIGH_ITE,ASHRAE_901_2016,3,DIFFERENTIAL_ENTHALPY,0.342857143,0.171428571,False,False,2.836734694,4.336734694,1.232607588,0.35
DATACENTER_LARGE_HIGH_ITE,ASHRAE_901_2016,4,DIFFERENTIAL_ENTHALPY,0.342857143,0.171428571,False,False,2.469387755,5.255102041,1.232607588,0.35
DATACENTER_LARGE_HIGH_ITE,ASHRAE_901_2016,5,DIFFERENTIAL_ENTHALPY,0.342857143,0.171428571,False,False,2.102040816,6.173469388,1.232607588,0.35
DATACENTER_LARGE_HIGH_ITE,ASHRAE_901_2016,6,DIFFERENTIAL_ENTHALPY,0.342857143,0.171428571,False,False,1.734693878,7.091836735,1.232607588,0.35
DATACENTER_LARGE_HIGH_ITE,ASHRAE_901_2016,7,DIFFERENTIAL_ENTHALPY,0.342857143,0.171428571,False,False,1.367346939,8.010204082,1.232607588,0.35
DATACENTER_LARGE_HIGH_ITE,ASHRAE_901_2016,8,DIFFERENTIAL_ENTHALPY,0.342857143,0.171428571,False,False,1.0,8.928571429,1.232607588,0.35
DATACENTER_LARGE_HIGH_ITE,ASHRAE_901_2019,1,NO_ECONOMIZER,0.4,0.2,False,False,4.0,2.5,1.2,0.35
DATACENTER_LARGE_HIGH_ITE,ASHRAE_901_2019,2,NO_ECONOMIZER,0.4,0.2,False,False,3.571428571,3.571428571,1.2,0.35
DATACENTER_LARGE_HIGH_ITE,ASHRAE_901_2019,3,DIFFERENTIAL_ENTHALPY,0.4,0.2,False,False,3.142857143,4.642857143,1.2,0.35
DATACENTER_LARGE_HIGH_ITE,ASHRAE_901_2019,4,DIFFERENTIAL_ENTHALPY,0.4,0.2,False,False,2.714285714,5.714285714,1.2,0.35
DATACENTER_LARGE_HIGH_ITE,ASHRAE_901_2019,5,DIFFERENTIAL_ENTHALPY,0.4,0.2,False,False,2.285714286,6.785714286,1.2,0.35
DATACENTER_LARGE_HIGH_ITE,ASHRAE_901_2019,6,DIFFERENTIAL_ENTHALPY,0.4,0.2,False,False,1.857142857,7.857142857,1.2,0.35
DATACENTER_LARGE_HIGH_ITE,ASHRAE_901_2019,7,DIFFERENTIAL_ENTHALPY,0.4,0.2,False,False,1.428571429,8.928571429,1.2,0.35
DATACENTER_LARGE_HIGH_ITE,ASHRAE_901_2019,8,DIFFERENTIAL_ENTHALPY,0.4,0.2,False,False,1.0,10.0,1.2,0.35
DATACENTER_LARGE_HIGH_ITE,CBECS_1980_2004,1,NO_ECONOMIZER,0.057142857,0.028571429,False,False,1.428571429,2.5,1.395645531,0.35
DATACENTER_LARGE_HIGH_ITE,CBECS_1980_2004,2,NO_ECONOMIZER,0.057142857,0.028571429,False,False,1.367346939,2.653061224,1.395645531,0.35
DATACENTER_LARGE_HIGH_ITE,CBECS_1980_2004,3,NO_ECONOMIZER,0.057142857,0.028571429,False,False,1.306122449,2.806122449,1.395645531,0.35
DATACENTER_LARGE_HIGH_ITE,CBECS_1980_2004,4,NO_ECONOMIZER,0.057142857,0.028571429,False,False,1.244897959,2.959183673,1.395645531,0.35
DATACENTER_LARGE_HIGH_ITE,CBECS_1980_2004,5,NO_ECONOMIZER,0.057142857,0.028571429,False,False,1.183673469,3.112244898,1.395645531,0.35
DATACENTER_LARGE_HIGH_ITE,CBECS_1980_2004,6,NO_ECONOMIZER,0.057142857,0.028571429,False,False,1.12244898,3.265306122,1.395645531,0.35
DATACENTER_LARGE_HIGH_ITE,CBECS_1980_2004,7,NO_ECONOMIZER,0.057142857,0.028571429,False,False,1.06122449,3.418367347,1.395645531,0.35
DATACENTER_LARGE_HIGH_ITE,CBECS_1980_2004,8,NO_ECONOMIZER,0.057142857,0.028571429,False,False,1.0,3.571428571,1.395645531,0.35
DATACENTER_LARGE_HIGH_ITE,CBECS_PRE_1980,1,NO_ECONOMIZER,0.0,0.0,False,False,1.0,2.5,1.428253119,0.35
DATACENTER_LARGE_HIGH_ITE,CBECS_PRE_1980,2,NO_ECONOMIZER,0.0,0.0,False,False,1.0,2.5,1.428253119,0.35
DATACENTER_LARGE_HIGH_ITE,CBECS_PRE_1980,3,NO_ECONOMIZER,0.0,0.0,False,False,1.0,2.5,1.428253119,0.35
DATACENTER_LARGE_HIGH_ITE,CBECS_PRE_1980,4,NO_ECONOMIZER,0.0,0.0,False,False,1.0,2.5,1.428253119,0.35
DATACENTER_LARGE_HIGH_ITE,CBECS_PRE_1980,5,NO_ECONOMIZER,0.0,0.0,False,False,1.0,2.5,1.428253119,0.35
DATACENTER_LARGE_HIGH_ITE,CBECS_PRE_1980,6,NO_ECONOMIZER,0.0,0.0,False,False,1.0,2.5,1.428253119,0.35
DATACENTER_LARGE_HIGH_ITE,CBECS_PRE_1980,7,NO_ECONOMIZER,0.0,0.0,False,False,1.0,2.5,1.428253119,0.35
DATACENTER_LARGE_HIGH_ITE,CBECS_PRE_1980,8,NO_ECONOMIZER,0.0,0.0,False,False,1.0,2.5,1.428253119,0.35
DATACENTER_LARGE_LOW_ITE,ASHRAE_901_2004,1,NO_ECONOMIZER,0.114285714,0.057142857,False,False,1.857142857,2.5,1.363037942,0.35
DATACENTER_LARGE_LOW_ITE,ASHRAE_901_2004,2,NO_ECONOMIZER,0.114285714,0.057142857,False,False,1.734693878,2.806122449,1.363037942,0.35
DATACENTER_LARGE_LOW_ITE,ASHRAE_901_2004,3,DIFFERENTIAL_ENTHALPY,0.114285714,0.057142857,False,False,1.612244898,3.112244898,1.363037942,0.35
DATACENTER_LARGE_LOW_ITE,ASHRAE_901_2004,4,DIFFERENTIAL_ENTHALPY,0.114285714,0.057142857,False,False,1.489795918,3.418367347,1.363037942,0.35
DATACENTER_LARGE_LOW_ITE,ASHRAE_901_2004,5,DIFFERENTIAL_ENTHALPY,0.114285714,0.057142857,False,False,1.367346939,3.724489796,1.363037942,0.35
DATACENTER_LARGE_LOW_ITE,ASHRAE_901_2004,6,DIFFERENTIAL_ENTHALPY,0.114285714,0.057142857,False,False,1.244897959,4.030612245,1.363037942,0.35
DATACENTER_LARGE_LOW_ITE,ASHRAE_901_2004,7,DIFFERENTIAL_ENTHALPY,0.114285714,0.057142857,False,False,1.12244898,4.336734694,1.363037942,0.35
DATACENTER_LARGE_LOW_ITE,ASHRAE_901_2004,8,DIFFERENTIAL_ENTHALPY,0.114285714,0.057142857,False,False,1.0,4.642857143,1.363037942,0.35
DATACENTER_LARGE_LOW_ITE,ASHRAE_901_2007,1,NO_ECONOMIZER,0.171428571,0.085714286,False,False,2.285714286,2.5,1.330430354,0.35
DATACENTER_LARGE_LOW_ITE,ASHRAE_901_2007,2,NO_ECONOMIZER,0.171428571,0.085714286,False,False,2.102040816,2.959183673,1.330430354,0.35
DATACENTER_LARGE_LOW_ITE,ASHRAE_901_2007,3,DIFFERENTIAL_ENTHALPY,0.171428571,0.085714286,False,False,1.918367347,3.418367347,1.330430354,0.35
DATACENTER_LARGE_LOW_ITE,ASHRAE_901_2007,4,DIFFERENTIAL_ENTHALPY,0.171428571,0.085714286,False,False,1.734693878,3.87755102,1.330430354,0.35
DATACENTER_LARGE_LOW_ITE,ASHRAE_901_2007,5,DIFFERENTIAL_ENTHALPY,0.171428571,0.085714286,False,False,1.551020408,4.336734694,1.330430354,0.35
DATACENTER_LARGE_LOW_ITE,ASHRAE_901_2007,6,DIFFERENTIAL_ENTHALPY,0.171428571,0.085714286,False,False,1.367346939,4.795918367,1.330430354,0.35
DATACENTER_LARGE_LOW_ITE,ASHRAE_901_2007,7,DIFFERENTIAL_ENTHALPY,0.171428571,0.085714286,False,False,1.183673469,5.255102041,1.330430354,0.35
DATACENTER_LARGE_LOW_ITE,ASHRAE_901_2007,8,DIFFERENTIAL_ENTHALPY,0.171428571,0.085714286,False,False,1.0,5.714285714,1.330430354,0.35
DATACENTER_LARGE_LOW_ITE,ASHRAE_901_2010,1,NO_ECONOMIZER,0.228571429,0.114285714,False,False,2.714285714,2.5,1.297822765,0.35
DATACENTER_LARGE_LOW_ITE,ASHRAE_901_2010,2,NO_ECONOMIZER,0.228571429,0.114285714,False,False,2.469387755,3.112244898,1.297822765,0.35
DATACENTER_LARGE_LOW_ITE,ASHRAE_901_2010,3,DIFFERENTIAL_ENTHALPY,0.228571429,0.114285714,False,False,2.224489796,3.724489796,1.297822765,0.35
DATACENTER_LARGE_LOW_ITE,ASHRAE_901_2010,4,DIFFERENTIAL_ENTHALPY,0.228571429,0.114285714,False,False,1.979591837,4.336734694,1.297822765,0.35
DATACENTER_LARGE_LOW_ITE,ASHRAE_901_2010,5,DIFFERENTIAL_ENTHALPY,0.228571429,0.114285714,False,False,1.734693878,4.948979592,1.297822765,0.35
DATACENTER_LARGE_LOW_ITE,ASHRAE_901_2010,6,DIFFERENTIAL_ENTHALPY,0.228571429,0.114285714,False,False,1.489795918,5.56122449,1.297822765,0.35
DATACENTER_LARGE_LOW_ITE,ASHRAE_901_2010,7,DIFFERENTIAL_ENTHALPY,0.228571429,0.114285714,False,False,1.244897959,6.173469388,1.297822765,0.35
DATACENTER_LARGE_LOW_ITE,ASHRAE_901_2010,8,DIFFERENTIAL_ENTHALPY,0.228571429,0.114285714,False,False,1.0,6.785714286,1.297822765,0.35
DATACENTER_LARGE_LOW_ITE,ASHRAE_901_2013,1,NO_ECONOMIZER,0.285714286,0.142857143,False,False,3.142857143,2.5,1.265215177,0.35
DATACENTER_LARGE_LOW_ITE,ASHRAE_901_2013,2,NO_ECONOMIZER,0.285714286,0.142857143,False,False,2.836734694,3.265306122,1.265215177,0.35
DATACENTER_LARGE_LOW_ITE,ASHRAE_901_2013,3,DIFFERENTIAL_ENTHALPY,0.285714286,0.142857143,False,False,2.530612245,4.030612245,1.265215177,0.35
DATACENTER_LARGE_LOW_ITE,ASHRAE_901_2013,4,DIFFERENTIAL_ENTHALPY,0.285714286,0.142857143,False,False,2.224489796,4.795918367,1.265215177,0.35
DATACENTER_LARGE_LOW_ITE,ASHRAE_901_2013,5,DIFFERENTIAL_ENTHALPY,0.285714286,0.142857143,False,False,1.918367347,5.56122449,1.265215177,0.35
DATACENTER_LARGE_LOW_ITE,ASHRAE_901_2013,6,DIFFERENTIAL_ENTHALPY,0.285714286,0.142857143,False,False,1.612244898,6.326530612,1.265215177,0.35
DATACENTER_LARGE_LOW_ITE,ASHRAE_901_2013,7,DIFFERENTIAL_ENTHALPY,0.285714286,0.142857143,False,False,1.306122449,7.091836735,1.265215177,0.35
DATACENTER_LARGE_LOW_ITE,ASHRAE_901_2013,8,DIFFERENTIAL_ENTHALPY,0.285714286,0.142857143,False,False,1.0,7.857142857,1.265215177,0.35
DATACENTER_LARGE_LOW_ITE,ASHRAE_901_2016,1,NO_ECONOMIZER,0.342857143,0.171428571,False,False,3.571428571,2.5,1.232607588,0.35
DATACENTER_LARGE_LOW_ITE,ASHRAE_901_2016,2,NO_ECONOMIZER,0.342857143,0.171428571,False,False,3.204081633,3.418367347,1.232607588,0.35
DATACENTER_LARGE_LOW_ITE,ASHRAE_901_2016,3,DIFFERENTIAL_ENTHALPY,0.342857143,0.171428571,False,False,2.836734694,4.336734694,1.232607588,0.35
DATACENTER_LARGE_LOW_ITE,ASHRAE_901_2016,4,DIFFERENTIAL_ENTHALPY,0.342857143,0.171428571,False,False,2.469387755,5.255102041,1.232607588,0.35
DATACENTER_LARGE_LOW_ITE,ASHRAE_901_2016,5,DIFFERENTIAL_ENTHALPY,0.342857143,0.171428571,False,False,2.102040816,6.173469388,1.232607588,0.35
DATACENTER_LARGE_LOW_ITE,ASHRAE_901_2016,6,DIFFERENTIAL_ENTHALPY,0.342857143,0.171428571,False,False,1.734693878,7.091836735,1.232607588,0.35
DATACENTER_LARGE_LOW_ITE,ASHRAE_901_2016,7,DIFFERENTIAL_ENTHALPY,0.342857143,0.171428571,False,False,1.367346939,8.010204082,1.232607588,0.35
DATACENTER_LARGE_LOW_ITE,ASHRAE_901_2016,8,DIFFERENTIAL_ENTHALPY,0.342857143,0.171428571,False,False,1.0,8.928571429,1.232607588,0.35
DATACENTER_LARGE_LOW_ITE,ASHRAE_901_2019,1,NO_ECONOMIZER,0.4,0.2,False,False,4.0,2.5,1.2,0.35
DATACENTER_LARGE_LOW_ITE,ASHRAE_901_2019,2,NO_ECONOMIZER,0.4,0.2,False,False,3.571428571,3.571428571,1.2,0.35
DATACENTER_LARGE_LOW_ITE,ASHRAE_901_2019,3,DIFFERENTIAL_ENTHALPY,0.4,0.2,False,False,3.142857143,4.642857143,1.2,0.35
DATACENTER_LARGE_LOW_ITE,ASHRAE_901_2019,4,DIFFERENTIAL_ENTHALPY,0.4,0.2,False,False,2.714285714,5.714285714,1.2,0.35
DATACENTER_LARGE_LOW_ITE,ASHRAE_901_2019,5,DIFFERENTIAL_ENTHALPY,0.4,0.2,False,False,2.285714286,6.785714286,1.2,0.35
DATACENTER_LARGE_LOW_ITE,ASHRAE_901_2019,6,DIFFERENTIAL_ENTHALPY,0.4,0.2,False,False,1.857142857,7.857142857,1.2,0.35
DATACENTER_LARGE_LOW_ITE,ASHRAE_901_2019,7,DIFFERENTIAL_ENTHALPY,0.4,0.2,False,False,1.428571429,8.928571429,1.2,0.35
DATACENTER_LARGE_LOW_ITE,ASHRAE_901_2019,8,DIFFERENTIAL_ENTHALPY,0.4,0.2,False,False,1.0,10.0,1.2,0.35
DATACENTER_LARGE_LOW_ITE,CBECS_1980_2004,1,NO_ECONOMIZER,0.057142857,0.028571429,False,False,1.428571429,2.5,1.395645531,0.35
DATACENTER_LARGE_LOW_ITE,CBECS_1980_2004,2,NO_ECONOMIZER,0.057142857,0.028571429,False,False,1.367346939,2.653061224,1.395645531,0.35
DATACENTER_LARGE_LOW_ITE,CBECS_1980_2004,3,NO_ECONOMIZER,0.057142857,0.028571429,False,False,1.306122449,2.806122449,1.395645531,0.35
DATACENTER_LARGE_LOW_ITE,CBECS_1980_2004,4,NO_ECONOMIZER,0.057142857,0.028571429,False,False,1.244897959,2.959183673,1.395645531,0.35
DATACENTER_LARGE_LOW_ITE,CBECS_1980_2004,5,NO_ECONOMIZER,0.057142857,0.028571429,False,False,1.183673469,3.112244898,1.395645531,0.35
DATACENTER_LARGE_LOW_ITE,CBECS_1980_2004,6,NO_ECONOMIZER,0.057142857,0.028571429,False,False,1.12244898,3.265306122,1.395645531,0.35
DATACENTER_LARGE_LOW_ITE,CBECS_1980_2004,7,NO_ECONOMIZER,0.057142857,0.028571429,False,False,1.06122449,3.418367347,1.395645531,0.35
DATACENTER_LARGE_LOW_ITE,CBECS_1980_2004,8,NO_ECONOMIZER,0.057142857,0.028571429,False,False,1.0,3.571428571,1.395645531,0.35
DATACENTER_LARGE_LOW_ITE,CBECS_PRE_1980,1,NO_ECONOMIZER,0.0,0.0,False,False,1.0,2.5,1.428253119,0.35
DATACENTER_LARGE_LOW_ITE,CBECS_PRE_1980,2,NO_ECONOMIZER,0.0,0.0,False,False,1.0,2.5,1.428253119,0.35
DATACENTER_LARGE_LOW_ITE,CBECS_PRE_1980,3,NO_ECONOMIZER,0.0,0.0,False,False,1.0,2.5,1.428253119,0.35
DATACENTER_LARGE_LOW_ITE,CBECS_PRE_1980,4,NO_ECONOMIZER,0.0,0.0,False,False,1.0,2.5,1.428253119,0.35
DATACENTER_LARGE_LOW_ITE,CBECS_PRE_1980,5,NO_ECONOMIZER,0.0,0.0,False,False,1.0,2.5,1.428253119,0.35
DATACENTER_LARGE_LOW_ITE,CBECS_PRE_1980,6,NO_ECONOMIZER,0.0,0.0,False,False,1.0,2.5,1.428253119,0.35
DATACENTER_LARGE_LOW_ITE,CBECS_PRE_1980,7,NO_ECONOMIZER,0.0,0.0,False,False,1.0,2.5,1.428253119,0.35
DATACENTER_LARGE_LOW_ITE,CBECS_PRE_1980,8,NO_ECONOMIZER,0.0,0.0,False,False,1.0,2.5,1.428253119,0.35
DATACENTER_SMALL_HIGH_ITE,ASHRAE_901_2004,1,NO_ECONOMIZER,0.114285714,0.057142857,False,False,1.857142857,2.5,1.238897377,0.35
DATACENTER_SMALL_HIGH_ITE,ASHRAE_901_2004,2,NO_ECONOMIZER,0.114285714,0.057142857,False,False,1.734693878,2.806122449,1.238897377,0.35
DATACENTER_SMALL_HIGH_ITE,ASHRAE_901_2004,3,DIFFERENTIAL_ENTHALPY,0.114285714,0.057142857,False,False,1.612244898,3.112244898,1.238897377,0.35
DATACENTER_SMALL_HIGH_ITE,ASHRAE_901_2004,4,DIFFERENTIAL_ENTHALPY,0.114285714,0.057142857,False,False,1.489795918,3.418367347,1.238897377,0.35
DATACENTER_SMALL_HIGH_ITE,ASHRAE_901_2004,5,DIFFERENTIAL_ENTHALPY,0.114285714,0.057142857,False,False,1.367346939,3.724489796,1.238897377,0.35
DATACENTER_SMALL_HIGH_ITE,ASHRAE_901_2004,6,DIFFERENTIAL_ENTHALPY,0.114285714,0.057142857,False,False,1.244897959,4.030612245,1.238897377,0.35
DATACENTER_SMALL_HIGH_ITE,ASHRAE_901_2004,7,DIFFERENTIAL_ENTHALPY,0.114285714,0.057142857,False,False,1.12244898,4.336734694,1.238897377,0.35
DATACENTER_SMALL_HIGH_ITE,ASHRAE_901_2004,8,DIFFERENTIAL_ENTHALPY,0.114285714,0.057142857,False,False,1.0,4.642857143,1.238897377,0.35
DATACENTER_SMALL_HIGH_ITE,ASHRAE_901_2007,1,NO_ECONOMIZER,0.171428571,0.085714286,False,False,2.285714286,2.5,1.231117902,0.35
DATACENTER_SMALL_HIGH_ITE,ASHRAE_901_2007,2,NO_ECONOMIZER,0.171428571,0.085714286,False,False,2.102040816,2.959183673,1.231117902,0.35
DATACENTER_SMALL_HIGH_ITE,ASHRAE_901_2007,3,DIFFERENTIAL_ENTHALPY,0.171428571,0.085714286,False,False,1.918367347,3.418367347,1.231117902,0.35
DATACENTER_SMALL_HIGH_ITE,ASHRAE_901_2007,4,DIFFERENTIAL_ENTHALPY,0.171428571,0.085714286,False,False,1.734693878,3.87755102,1.231117902,0.35
DATACENTER_SMALL_HIGH_ITE,ASHRAE_901_2007,5,DIFFERENTIAL_ENTHALPY,0.171428571,0.085714286,False,False,1.551020408,4.336734694,1.231117902,0.35
DATACENTER_SMALL_HIGH_ITE,ASHRAE_901_2007,6,DIFFERENTIAL_ENTHALPY,0.171428571,0.085714286,False,False,1.367346939,4.795918367,1.231117902,0.35
DATACENTER_SMALL_HIGH_ITE,ASHRAE_901_2007,7,DIFFERENTIAL_ENTHALPY,0.171428571,0.085714286,False,False,1.183673469,5.255102041,1.231117902,0.35
DATACENTER_SMALL_HIGH_ITE,ASHRAE_901_2007,8,DIFFERENTIAL_ENTHALPY,0.171428571,0.085714286,False,False,1.0,5.714285714,1.231117902,0.35
DATACENTER_SMALL_HIGH_ITE,ASHRAE_901_2010,1,NO_ECONOMIZER,0.228571429,0.114285714,False,False,2.714285714,2.5,1.223338426,0.35
DATACENTER_SMALL_HIGH_ITE,ASHRAE_901_2010,2,NO_ECONOMIZER,0.228571429,0.114285714,False,False,2.469387755,3.112244898,1.223338426,0.35
DATACENTER_SMALL_HIGH_ITE,ASHRAE_901_2010,3,DIFFERENTIAL_ENTHALPY,0.228571429,0.114285714,False,False,2.224489796,3.724489796,1.223338426,0.35
DATACENTER_SMALL_HIGH_ITE,ASHRAE_901_2010,4,DIFFERENTIAL_ENTHALPY,0.228571429,0.114285714,False,False,1.979591837,4.336734694,1.223338426,0.35
DATACENTER_SMALL_HIGH_ITE,ASHRAE_901_2010,5,DIFFERENTIAL_ENTHALPY,0.228571429,0.114285714,False,False,1.734693878,4.948979592,1.223338426,0.35
DATACENTER_SMALL_HIGH_ITE,ASHRAE_901_2010,6,DIFFERENTIAL_ENTHALPY,0.228571429,0.114285714,False,False,1.489795918,5.56122449,1.223338426,0.35
DATACENTER_SMALL_HIGH_ITE,ASHRAE_901_2010,7,DIFFERENTIAL_ENTHALPY,0.228571429,0.114285714,False,False,1.244897959,6.173469388,1.223338426,0.35
DATACENTER_SMALL_HIGH_ITE,ASHRAE_901_2010,8,DIFFERENTIAL_ENTHALPY,0.228571429,0.114285714,False,False,1.0,6.785714286,1.223338426,0.35
DATACENTER_SMALL_HIGH_ITE,ASHRAE_901_2013,1,NO_ECONOMIZER,0.285714286,0.142857143,False,False,3.142857143,2.5,1.215558951,0.35
DATACENTER_SMALL_HIGH_ITE,ASHRAE_901_2013,2,NO_ECONOMIZER,0.285714286,0.142857143,False,False,2.836734694,3.265306122,1.215558951,0.35
DATACENTER_SMALL_HIGH_ITE,ASHRAE_901_2013,3,DIFFERENTIAL_ENTHALPY,0.285714286,0.142857143,False,False,2.530612245,4.030612245,1.215558951,0.35
DATACENTER_SMALL_HIGH_ITE,ASHRAE_901_2013,4,DIFFERENTIAL_ENTHALPY,0.285714286,0.142857143,False,False,2.224489796,4.795918367,1.215558951,0.35
DATACENTER_SMALL_HIGH_ITE,ASHRAE_901_2013,5,DIFFERENTIAL_ENTHALPY,0.285714286,0.142857143,False,False,1.918367347,5.56122449,1.215558951,0.35
DATACENTER_SMALL_HIGH_ITE,ASHRAE_901_2013,6,DIFFERENTIAL_ENTHALPY,0.285714286,0.142857143,False,False,1.612244898,6.326530612,1.215558951,0.35
DATACENTER_SMALL_HIGH_ITE,ASHRAE_901_2013,7,DIFFERENTIAL_ENTHALPY,0.285714286,0.142857143,False,False,1.306122449,7.091836735,1.215558951,0.35
DATACENTER_SMALL_HIGH_ITE,ASHRAE_901_2013,8,DIFFERENTIAL_ENTHALPY,0.285714286,0.142857143,False,False,1.0,7.857142857,1.215558951,0.35
DATACENTER_SMALL_HIGH_ITE,ASHRAE_901_2016,1,NO_ECONOMIZER,0.342857143,0.171428571,False,False,3.571428571,2.5,1.207779475,0.35
DATACENTER_SMALL_HIGH_ITE,ASHRAE_901_2016,2,NO_ECONOMIZER,0.342857143,0.171428571,False,False,3.204081633,3.418367347,1.207779475,0.35
DATACENTER_SMALL_HIGH_ITE,ASHRAE_901_2016,3,DIFFERENTIAL_ENTHALPY,0.342857143,0.171428571,False,False,2.836734694,4.336734694,1.207779475,0.35
DATACENTER_SMALL_HIGH_ITE,ASHRAE_901_2016,4,DIFFERENTIAL_ENTHALPY,0.342857143,0.171428571,False,False,2.469387755,5.255102041,1.207779475,0.35
DATACENTER_SMALL_HIGH_ITE,ASHRAE_901_2016,5,DIFFERENTIAL_ENTHALPY,0.342857143,0.171428571,False,False,2.102040816,6.173469388,1.207779475,0.35
DATACENTER_SMALL_HIGH_ITE,ASHRAE_901_2016,6,DIFFERENTIAL_ENTHALPY,0.342857143,0.171428571,False,False,1.734693878,7.091836735,1.207779475,0.35
DATACENTER_SMALL_HIGH_ITE,ASHRAE_901_2016,7,DIFFERENTIAL_ENTHALPY,0.342857143,0.171428571,False,False,1.367346939,8.010204082,1.207779475,0.35
DATACENTER_SMALL_HIGH_ITE,ASHRAE_901_2016,8,DIFFERENTIAL_ENTHALPY,0.342857143,0.171428571,False,False,1.0,8.928571429,1.207779475,0.35
DATACENTER_SMALL_HIGH_ITE,ASHRAE_901_2019,1,NO_ECONOMIZER,0.4,0.2,False,False,4.0,2.5,1.2,0.35
DATACENTER_SMALL_HIGH_ITE,ASHRAE_901_2019,2,NO_ECONOMIZER,0.4,0.2,False,False,3.571428571,3.571428571,1.2,0.35
DATACENTER_SMALL_HIGH_ITE,ASHRAE_901_2019,3,DIFFERENTIAL_ENTHALPY,0.4,0.2,False,False,3.142857143,4.642857143,1.2,0.35
DATACENTER_SMALL_HIGH_ITE,ASHRAE_901_2019,4,DIFFERENTIAL_ENTHALPY,0.4,0.2,False,False,2.714285714,5.714285714,1.2,0.35
DATACENTER_SMALL_HIGH_ITE,ASHRAE_901_2019,5,DIFFERENTIAL_ENTHALPY,0.4,0.2,False,False,2.285714286,6.785714286,1.2,0.35
DATACENTER_SMALL_HIGH_ITE,ASHRAE_901_2019,6,DIFFERENTIAL_ENTHALPY,0.4,0.2,False,False,1.857142857,7.857142857,1.2,0.35
DATACENTER_SMALL_HIGH_ITE,ASHRAE_901_2019,7,DIFFERENTIAL_ENTHALPY,0.4,0.2,False,False,1.428571429,8.928571429,1.2,0.35
DATACENTER_SMALL_HIGH_ITE,ASHRAE_901_2019,8,DIFFERENTIAL_ENTHALPY,0.4,0.2,False,False,1.0,10.0,1.2,0.35
DATACENTER_SMALL_HIGH_ITE,CBECS_1980_2004,1,NO_ECONOMIZER,0.057142857,0.028571429,False,False,1.428571429,2.5,1.246676853,0.35
DATACENTER_SMALL_HIGH_ITE,CBECS_1980_2004,2,NO_ECONOMIZER,0.057142857,0.028571429,False,False,1.367346939,2.653061224,1.246676853,0.35
DATACENTER_SMALL_HIGH_ITE,CBECS_1980_2004,3,NO_ECONOMIZER,0.057142857,0.028571429,False,False,1.306122449,2.806122449,1.246676853,0.35
DATACENTER_SMALL_HIGH_ITE,CBECS_1980_2004,4,NO_ECONOMIZER,0.057142857,0.028571429,False,False,1.244897959,2.959183673,1.246676853,0.35
DATACENTER_SMALL_HIGH_ITE,CBECS_1980_2004,5,NO_ECONOMIZER,0.057142857,0.028571429,False,False,1.183673469,3.112244898,1.246676853,0.35
DATACENTER_SMALL_HIGH_ITE,CBECS_1980_2004,6,NO_ECONOMIZER,0.057142857,0.028571429,False,False,1.12244898,3.265306122,1.246676853,0.35
DATACENTER_SMALL_HIGH_ITE,CBECS_1980_2004,7,NO_ECONOMIZER,0.057142857,0.028571429,False,False,1.06122449,3.418367347,1.246676853,0.35
DATACENTER_SMALL_HIGH_ITE,CBECS_1980_2004,8,NO_ECONOMIZER,0.057142857,0.028571429,False,False,1.0,3.571428571,1.246676853,0.35
DATACENTER_SMALL_HIGH_ITE,CBECS_PRE_1980,1,NO_ECONOMIZER,0.0,0.0,False,False,1.0,2.5,1.254456328,0.35
DATACENTER_SMALL_HIGH_ITE,CBECS_PRE_1980,2,NO_ECONOMIZER,0.0,0.0,False,False,1.0,2.5,1.254456328,0.35
DATACENTER_SMALL_HIGH_ITE,CBECS_PRE_1980,3,NO_ECONOMIZER,0.0,0.0,False,False,1.0,2.5,1.254456328,0.35
DATACENTER_SMALL_HIGH_ITE,CBECS_PRE_1980,4,NO_ECONOMIZER,0.0,0.0,False,False,1.0,2.5,1.254456328,0.35
DATACENTER_SMALL_HIGH_ITE,CBECS_PRE_1980,5,NO_ECONOMIZER,0.0,0.0,False,False,1.0,2.5,1.254456328,0.35
DATACENTER_SMALL_HIGH_ITE,CBECS_PRE_1980,6,NO_ECONOMIZER,0.0,0.0,False,False,1.0,2.5,1.254456328,0.35
DATACENTER_SMALL_HIGH_ITE,CBECS_PRE_1980,7,NO_ECONOMIZER,0.0,0.0,False,False,1.0,2.5,1.254456328,0.35
DATACENTER_SMALL_HIGH_ITE,CBECS_PRE_1980,8,NO_ECONOMIZER,0.0,0.0,False,False,1.0,2.5,1.254456328,0.35
DATACENTER_SMALL_LOW_ITE,ASHRAE_901_2004,1,NO_ECONOMIZER,0.114285714,0.057142857,False,False,1.857142857,2.5,1.238897377,0.35
DATACENTER_SMALL_LOW_ITE,ASHRAE_901_2004,2,NO_ECONOMIZER,0.114285714,0.057142857,False,False,1.734693878,2.806122449,1.238897377,0.35
DATACENTER_SMALL_LOW_ITE,ASHRAE_901_2004,3,DIFFERENTIAL_ENTHALPY,0.114285714,0.057142857,False,False,1.612244898,3.112244898,1.238897377,0.35
DATACENTER_SMALL_LOW_ITE,ASHRAE_901_2004,4,DIFFERENTIAL_ENTHALPY,0.114285714,0.057142857,False,False,1.489795918,3.418367347,1.238897377,0.35
DATACENTER_SMALL_LOW_ITE,ASHRAE_901_2004,5,DIFFERENTIAL_ENTHALPY,0.114285714,0.057142857,False,False,1.367346939,3.724489796,1.238897377,0.35
DATACENTER_SMALL_LOW_ITE,ASHRAE_901_2004,6,DIFFERENTIAL_ENTHALPY,0.114285714,0.057142857,False,False,1.244897959,4.030612245,1.238897377,0.35
DATACENTER_SMALL_LOW_ITE,ASHRAE_901_2004,7,DIFFERENTIAL_ENTHALPY,0.114285714,0.057142857,False,False,1.12244898,4.336734694,1.238897377,0.35
DATACENTER_SMALL_LOW_ITE,ASHRAE_901_2004,8,DIFFERENTIAL_ENTHALPY,0.114285714,0.057142857,False,False,1.0,4.642857143,1.238897377,0.35
DATACENTER_SMALL_LOW_ITE,ASHRAE_901_2007,1,NO_ECONOMIZER,0.171428571,0.085714286,False,False,2.285714286,2.5,1.231117902,0.35
DATACENTER_SMALL_LOW_ITE,ASHRAE_901_2007,2,NO_ECONOMIZER,0.171428571,0.085714286,False,False,2.102040816,2.959183673,1.231117902,0.35
DATACENTER_SMALL_LOW_ITE,ASHRAE_901_2007,3,DIFFERENTIAL_ENTHALPY,0.171428571,0.085714286,False,False,1.918367347,3.418367347,1.231117902,0.35
DATACENTER_SMALL_LOW_ITE,ASHRAE_901_2007,4,DIFFERENTIAL_ENTHALPY,0.171428571,0.085714286,False,False,1.734693878,3.87755102,1.231117902,0.35
DATACENTER_SMALL_LOW_ITE,ASHRAE_901_2007,5,DIFFERENTIAL_ENTHALPY,0.171428571,0.085714286,False,False,1.551020408,4.336734694,1.231117902,0.35
DATACENTER_SMALL_LOW_ITE,ASHRAE_901_2007,6,DIFFERENTIAL_ENTHALPY,0.171428571,0.085714286,False,False,1.367346939,4.795918367,1.231117902,0.35
DATACENTER_SMALL_LOW_ITE,ASHRAE_901_2007,7,DIFFERENTIAL_ENTHALPY,0.171428571,0.085714286,False,False,1.183673469,5.255102041,1.231117902,0.35
DATACENTER_SMALL_LOW_ITE,ASHRAE_901_2007,8,DIFFERENTIAL_ENTHALPY,0.171428571,0.085714286,False,False,1.0,5.714285714,1.231117902,0.35
DATACENTER_SMALL_LOW_ITE,ASHRAE_901_2010,1,NO_ECONOMIZER,0.228571429,0.114285714,False,False,2.714285714,2.5,1.223338426,0.35
DATACENTER_SMALL_LOW_ITE,ASHRAE_901_2010,2,NO_ECONOMIZER,0.228571429,0.114285714,False,False,2.469387755,3.112244898,1.223338426,0.35
DATACENTER_SMALL_LOW_ITE,ASHRAE_901_2010,3,DIFFERENTIAL_ENTHALPY,0.228571429,0.114285714,False,False,2.224489796,3.724489796,1.223338426,0.35
DATACENTER_SMALL_LOW_ITE,ASHRAE_901_2010,4,DIFFERENTIAL_ENTHALPY,0.228571429,0.114285714,False,False,1.979591837,4.336734694,1.223338426,0.35
DATACENTER_SMALL_LOW_ITE,ASHRAE_901_2010,5,DIFFERENTIAL_ENTHALPY,0.228571429,0.114285714,False,False,1.734693878,4.948979592,1.223338426,0.35
DATACENTER_SMALL_LOW_ITE,ASHRAE_901_2010,6,DIFFERENTIAL_ENTHALPY,0.228571429,0.114285714,False,False,1.489795918,5.56122449,1.223338426,0.35
DATACENTER_SMALL_LOW_ITE,ASHRAE_901_2010,7,DIFFERENTIAL_ENTHALPY,0.228571429,0.114285714,False,False,1.244897959,6.173469388,1.223338426,0.35
DATACENTER_SMALL_LOW_ITE,ASHRAE_901_2010,8,DIFFERENTIAL_ENTHALPY,0.228571429,0.114285714,False,False,1.0,6.785714286,1.223338426,0.35
DATACENTER_SMALL_LOW_ITE,ASHRAE_901_2013,1,NO_ECONOMIZER,0.285714286,0.142857143,False,False,3.142857143,2.5,1.215558951,0.35
DATACENTER_SMALL_LOW_ITE,ASHRAE_901_2013,2,NO_ECONOMIZER,0.285714286,0.142857143,False,False,2.836734694,3.265306122,1.215558951,0.35
DATACENTER_SMALL_LOW_ITE,ASHRAE_901_2013,3,DIFFERENTIAL_ENTHALPY,0.285714286,0.142857143,False,False,2.530612245,4.030612245,1.215558951,0.35
DATACENTER_SMALL_LOW_ITE,ASHRAE_901_2013,4,DIFFERENTIAL_ENTHALPY,0.285714286,0.142857143,False,False,2.224489796,4.795918367,1.215558951,0.35
DATACENTER_SMALL_LOW_ITE,ASHRAE_901_2013,5,DIFFERENTIAL_ENTHALPY,0.285714286,0.142857143,False,False,1.918367347,5.56122449,1.215558951,0.35
DATACENTER_SMALL_LOW_ITE,ASHRAE_901_2013,6,DIFFERENTIAL_ENTHALPY,0.285714286,0.142857143,False,False,1.612244898,6.326530612,1.215558951,0.35
DATACENTER_SMALL_LOW_ITE,ASHRAE_901_2013,7,DIFFERENTIAL_ENTHALPY,0.285714286,0.142857143,False,False,1.306122449,7.091836735,1.215558951,0.35
DATACENTER_SMALL_LOW_ITE,ASHRAE_901_2013,8,DIFFERENTIAL_ENTHALPY,0.285714286,0.142857143,False,False,1.0,7.857142857,1.215558951,0.35
DATACENTER_SMALL_LOW_ITE,ASHRAE_901_2016,1,NO_ECONOMIZER,0.342857143,0.171428571,False,False,3.571428571,2.5,1.207779475,0.35
DATACENTER_SMALL_LOW_ITE,ASHRAE_901_2016,2,NO_ECONOMIZER,0.342857143,0.171428571,False,False,3.204081633,3.418367347,1.207779475,0.35
DATACENTER_SMALL_LOW_ITE,ASHRAE_901_2016,3,DIFFERENTIAL_ENTHALPY,0.342857143,0.171428571,False,False,2.836734694,4.336734694,1.207779475,0.35
DATACENTER_SMALL_LOW_ITE,ASHRAE_901_2016,4,DIFFERENTIAL_ENTHALPY,0.342857143,0.171428571,False,False,2.469387755,5.255102041,1.207779475,0.35
DATACENTER_SMALL_LOW_ITE,ASHRAE_901_2016,5,DIFFERENTIAL_ENTHALPY,0.342857143,0.171428571,False,False,2.102040816,6.173469388,1.207779475,0.35
DATACENTER_SMALL_LOW_ITE,ASHRAE_901_2016,6,DIFFERENTIAL_ENTHALPY,0.342857143,0.171428571,False,False,1.734693878,7.091836735,1.207779475,0.35
DATACENTER_SMALL_LOW_ITE,ASHRAE_901_2016,7,DIFFERENTIAL_ENTHALPY,0.342857143,0.171428571,False,False,1.367346939,8.010204082,1.207779475,0.35
DATACENTER_SMALL_LOW_ITE,ASHRAE_901_2016,8,DIFFERENTIAL_ENTHALPY,0.342857143,0.171428571,False,False,1.0,8.928571429,1.207779475,0.35
DATACENTER_SMALL_LOW_ITE,ASHRAE_901_2019,1,NO_ECONOMIZER,0.4,0.2,False,False,4.0,2.5,1.2,0.35
DATACENTER_SMALL_LOW_ITE,ASHRAE_901_2019,2,NO_ECONOMIZER,0.4,0.2,False,False,3.571428571,3.571428571,1.2,0.35
DATACENTER_SMALL_LOW_ITE,ASHRAE_901_2019,3,DIFFERENTIAL_ENTHALPY,0.4,0.2,False,False,3.142857143,4.642857143,1.2,0.35
DATACENTER_SMALL_LOW_ITE,ASHRAE_901_2019,4,DIFFERENTIAL_ENTHALPY,0.4,0.2,False,False,2.714285714,5.714285714,1.2,0.35
DATACENTER_SMALL_LOW_ITE,ASHRAE_901_2019,5,DIFFERENTIAL_ENTHALPY,0.4,0.2,False,False,2.285714286,6.785714286,1.2,0.35
DATACENTER_SMALL_LOW_ITE,ASHRAE_901_2019,6,DIFFERENTIAL_ENTHALPY,0.4,0.2,False,False,1.857142857,7.857142857,1.2,0.35
DATACENTER_SMALL_LOW_ITE,ASHRAE_901_2019,7,DIFFERENTIAL_ENTHALPY,0.4,0.2,False,False,1.428571429,8.928571429,1.2,0.35
DATACENTER_SMALL_LOW_ITE,ASHRAE_901_2019,8,DIFFERENTIAL_ENTHALPY,0.4,0.2,False,False,1.0,10.0,1.2,0.35
DATACENTER_SMALL_LOW_ITE,CBECS_1980_2004,1,NO_ECONOMIZER,0.057142857,0.028571429,False,False,1.428571429,2.5,1.246676853,0.35
DATACENTER_SMALL_LOW_ITE,CBECS_1980_2004,2,NO_ECONOMIZER,0.057142857,0.028571429,False,False,1.367346939,2.653061224,1.246676853,0.35
DATACENTER_SMALL_LOW_ITE,CBECS_1980_2004,3,NO_ECONOMIZER,0.057142857,0.028571429,False,False,1.306122449,2.806122449,1.246676853,0.35
DATACENTER_SMALL_LOW_ITE,CBECS_1980_2004,4,NO_ECONOMIZER,0.057142857,0.028571429,False,False,1.244897959,2.959183673,1.246676853,0.35
DATACENTER_SMALL_LOW_ITE,CBECS_1980_2004,5,NO_ECONOMIZER,0.057142857,0.028571429,False,False,1.183673469,3.112244898,1.246676853,0.35
DATACENTER_SMALL_LOW_ITE,CBECS_1980_2004,6,NO_ECONOMIZER,0.057142857,0.028571429,False,False,1.12244898,3.265306122,1.246676853,0.35
DATACENTER_SMALL_LOW_ITE,CBECS_1980_2004,7,NO_ECONOMIZER,0.057142857,0.028571429,False,False,1.06122449,3.418367347,1.246676853,0.35
DATACENTER_SMALL_LOW_ITE,CBECS_1980_2004,8,NO_ECONOMIZER,0.057142857,0.028571429,False,False,1.0,3.571428571,1.246676853,0.35
DATACENTER_SMALL_LOW_ITE,CBECS_PRE_1980,1,NO_ECONOMIZER,0.0,0.0,False,False,1.0,2.5,1.254456328,0.35
DATACENTER_SMALL_LOW_ITE,CBECS_PRE_1980,2,NO_ECONOMIZER,0.0,0.0,False,False,1.0,2.5,1.254456328,0.35
DATACENTER_SMALL_LOW_ITE,CBECS_PRE_1980,3,NO_ECONOMIZER,0.0,0.0,False,False,1.0,2.5,1.254456328,0.35
DATACENTER_SMALL_LOW_ITE,CBECS_PRE_1980,4,NO_ECONOMIZER,0.0,0.0,False,False,1.0,2.5,1.254456328,0.35
DATACENTER_SMALL_LOW_ITE,CBECS_PRE_1980,5,NO_ECONOMIZER,0.0,0.0,False,False,1.0,2.5,1.254456328,0.35
DATACENTER_SMALL_LOW_ITE,CBECS_PRE_1980,6,NO_ECONOMIZER,0.0,0.0,False,False,1.0,2.5,1.254456328,0.35
DATACENTER_SMALL_LOW_ITE,CBECS_PRE_1980,7,NO_ECONOMIZER,0.0,0.0,False,False,1.0,2.5,1.254456328,0.35
DATACENTER_SMALL_LOW_ITE,CBECS_PRE_1980,8,NO_ECONOMIZER,0.0,0.0,False,False,1.0,2.5,1.254456328,0.35
EDUCATION_COLLEGE,ASHRAE_901_2004,1,NO_ECONOMIZER,0.114285714,0.057142857,True,True,1.857142857,2.5,1.30096766,0.35
EDUCATION_COLLEGE,ASHRAE_901_2004,2,NO_ECONOMIZER,0.114285714,0.057142857,True,True,1.734693878,2.806122449,1.30096766,0.35
EDUCATION_COLLEGE,ASHRAE_901_2004,3,DIFFERENTIAL_DRY_BULB,0.114285714,0.057142857,True,True,1.612244898,3.112244898,1.30096766,0.35
EDUCATION_COLLEGE,ASHRAE_901_2004,4,DIFFERENTIAL_DRY_BULB,0.114285714,0.057142857,True,True,1.489795918,3.418367347,1.30096766,0.35
EDUCATION_COLLEGE,ASHRAE_901_2004,5,DIFFERENTIAL_DRY_BULB,0.114285714,0.057142857,True,True,1.367346939,3.724489796,1.30096766,0.35
EDUCATION_COLLEGE,ASHRAE_901_2004,6,DIFFERENTIAL_DRY_BULB,0.114285714,0.057142857,True,True,1.244897959,4.030612245,1.30096766,0.35
EDUCATION_COLLEGE,ASHRAE_901_2004,7,DIFFERENTIAL_DRY_BULB,0.114285714,0.057142857,True,True,1.12244898,4.336734694,1.30096766,0.35
EDUCATION_COLLEGE,ASHRAE_901_2004,8,DIFFERENTIAL_DRY_BULB,0.114285714,0.057142857,True,True,1.0,4.642857143,1.30096766,0.35
EDUCATION_COLLEGE,ASHRAE_901_2007,1,NO_ECONOMIZER,0.171428571,0.085714286,True,True,2.285714286,2.5,1.280774128,0.35
EDUCATION_COLLEGE,ASHRAE_901_2007,2,NO_ECONOMIZER,0.171428571,0.085714286,True,True,2.102040816,2.959183673,1.280774128,0.35
EDUCATION_COLLEGE,ASHRAE_901_2007,3,DIFFERENTIAL_DRY_BULB,0.171428571,0.085714286,True,True,1.918367347,3.418367347,1.280774128,0.35
EDUCATION_COLLEGE,ASHRAE_901_2007,4,DIFFERENTIAL_DRY_BULB,0.171428571,0.085714286,True,True,1.734693878,3.87755102,1.280774128,0.35
EDUCATION_COLLEGE,ASHRAE_901_2007,5,DIFFERENTIAL_DRY_BULB,0.171428571,0.085714286,True,True,1.551020408,4.336734694,1.280774128,0.35
EDUCATION_COLLEGE,ASHRAE_901_2007,6,DIFFERENTIAL_DRY_BULB,0.171428571,0.085714286,True,True,1.367346939,4.795918367,1.280774128,0.35
EDUCATION_COLLEGE,ASHRAE_901_2007,7,DIFFERENTIAL_DRY_BULB,0.171428571,0.085714286,True,True,1.183673469,5.255102041,1.280774128,0.35
EDUCATION_COLLEGE,ASHRAE_901_2007,8,DIFFERENTIAL_DRY_BULB,0.171428571,0.085714286,True,True,1.0,5.714285714,1.280774128,0.35
EDUCATION_COLLEGE,ASHRAE_901_2010,1,NO_ECONOMIZER,0.228571429,0.114285714,True,True,2.714285714,2.5,1.260580596,0.35
EDUCATION_COLLEGE,ASHRAE_901_2010,2,NO_ECONOMIZER,0.228571429,0.114285714,True,True,2.469387755,3.112244898,1.260580596,0.35
EDUCATION_COLLEGE,ASHRAE_901_2010,3,DIFFERENTIAL_DRY_BULB,0.228571429,0.114285714,True,True,2.224489796,3.724489796,1.260580596,0.35
EDUCATION_COLLEGE,ASHRAE_901_2010,4,DIFFERENTIAL_DRY_BULB,0.228571429,0.114285714,True,True,1.979591837,4.336734694,1.260580596,0.35
EDUCATION_COLLEGE,ASHRAE_901_2010,5,DIFFERENTIAL_DRY_BULB,0.228571429,0.114285714,True,True,1.734693878,4.948979592,1.260580596,0.35
EDUCATION_COLLEGE,ASHRAE_901_2010,6,DIFFERENTIAL_DRY_BULB,0.228571429,0.114285714,True,True,1.489795918,5.56122449,1.260580596,0.35
EDUCATION_COLLEGE,ASHRAE_901_2010,7,DIFFERENTIAL_DRY_BULB,0.228571429,0.114285714,True,True,1.244897959,6.173469388,1.260580596,0.35
EDUCATION_COLLEGE,ASHRAE_901_2010,8,DIFFERENTIAL_DRY_BULB,0.228571429,0.114285714,True,True,1.0,6.785714286,1.260580596,0.35
EDUCATION_COLLEGE,ASHRAE_901_2013,1,NO_ECONOMIZER,0.285714286,0.142857143,True,True,3.142857143,2.5,1.240387064,0.35
EDUCATION_COLLEGE,ASHRAE_901_2013,2,NO_ECONOMIZER,0.285714286,0.142857143,True,True,2.836734694,3.265306122,1.240387064,0.35
EDUCATION_COLLEGE,ASHRAE_901_2013,3,DIFFERENTIAL_DRY_BULB,0.285714286,0.142857143,True,True,2.530612245,4.030612245,1.240387064,0.35
EDUCATION_COLLEGE,ASHRAE_901_2013,4,DIFFERENTIAL_DRY_BULB,0.285714286,0.142857143,True,True,2.224489796,4.795918367,1.240387064,0.35
EDUCATION_COLLEGE,ASHRAE_901_2013,5,DIFFERENTIAL_DRY_BULB,0.285714286,0.142857143,True,True,1.918367347,5.56122449,1.240387064,0.35
EDUCATION_COLLEGE,ASHRAE_901_2013,6,DIFFERENTIAL_DRY_BULB,0.285714286,0.142857143,True,True,1.612244898,6.326530612,1.240387064,0.35
EDUCATION_COLLEGE,ASHRAE_901_2013,7,DIFFERENTIAL_DRY_BULB,0.285714286,0.142857143,True,True,1.306122449,7.091836735,1.240387064,0.35
EDUCATION_COLLEGE,ASHRAE_901_2013,8,DIFFERENTIAL_DRY_BULB,0.285714286,0.142857143,True,True,1.0,7.857142857,1.240387064,0.35
EDUCATION_COLLEGE,ASHRAE_901_2016,1,NO_ECONOMIZER,0.342857143,0.171428571,True,True,3.571428571,2.5,1.220193532,0.35
EDUCATION_COLLEGE,ASHRAE_901_2016,2,NO_ECONOMIZER,0.342857143,0.171428571,True,True,3.204081633,3.418367347,1.220193532,0.35
EDUCATION_COLLEGE,ASHRAE_901_2016,3,DIFFERENTIAL_DRY_BULB,0.342857143,0.171428571,True,True,2.836734694,4.336734694,1.220193532,0.35
EDUCATION_COLLEGE,ASHRAE_901_2016,4,DIFFERENTIAL_DRY_BULB,0.342857143,0.171428571,True,True,2.469387755,5.255102041,1.220193532,0.35
EDUCATION_COLLEGE,ASHRAE_901_2016,5,DIFFERENTIAL_DRY_BULB,0.342857143,0.171428571,True,True,2.102040816,6.173469388,1.220193532,0.35
EDUCATION_COLLEGE,ASHRAE_901_2016,6,DIFFERENTIAL_DRY_BULB,0.342857143,0.171428571,True,True,1.734693878,7.091836735,1.220193532,0.35
EDUCATION_COLLEGE,ASHRAE_901_2016,7,DIFFERENTIAL_DRY_BULB,0.342857143,0.171428571,True,True,1.367346939,8.010204082,1.220193532,0.35
EDUCATION_COLLEGE,ASHRAE_901_2016,8,DIFFERENTIAL_DRY_BULB,0.342857143,0.171428571,True,True,1.0,8.928571429,1.220193532,0.35
EDUCATION_COLLEGE,ASHRAE_901_2019,1,NO_ECONOMIZER,0.4,0.2,True,True,4.0,2.5,1.2,0.35
EDUCATION_COLLEGE,ASHRAE_901_2019,2,NO_ECONOMIZER,0.4,0.2,True,True,3.571428571,3.571428571,1.2,0.35
EDUCATION_COLLEGE,ASHRAE_901_2019,3,DIFFERENTIAL_DRY_BULB,0.4,0.2,True,True,3.142857143,4.642857143,1.2,0.35
EDUCATION_COLLEGE,ASHRAE_901_2019,4,DIFFERENTIAL_DRY_BULB,0.4,0.2,True,True,2.714285714,5.714285714,1.2,0.35
EDUCATION_COLLEGE,ASHRAE_901_2019,5,DIFFERENTIAL_DRY_BULB,0.4,0.2,True,True,2.285714286,6.785714286,1.2,0.35
EDUCATION_COLLEGE,ASHRAE_901_2019,6,DIFFERENTIAL_DRY_BULB,0.4,0.2,True,True,1.857142857,7.857142857,1.2,0.35
EDUCATION_COLLEGE,ASHRAE_901_2019,7,DIFFERENTIAL_DRY_BULB,0.4,0.2,True,True,1.428571429,8.928571429,1.2,0.35
EDUCATION_COLLEGE,ASHRAE_901_2019,8,DIFFERENTIAL_DRY_BULB,0.4,0.2,True,True,1.0,10.0,1.2,0.35
EDUCATION_COLLEGE,CBECS_1980_2004,1,NO_ECONOMIZER,0.057142857,0.028571429,False,False,1.428571429,2.5,1.321161192,0.35
EDUCATION_COLLEGE,CBECS_1980_2004,2,NO_ECONOMIZER,0.057142857,0.028571429,False,False,1.367346939,2.653061224,1.321161192,0.35
EDUCATION_COLLEGE,CBECS_1980_2004,3,NO_ECONOMIZER,0.057142857,0.028571429,False,False,1.306122449,2.806122449,1.321161192,0.35
EDUCATION_COLLEGE,CBECS_1980_2004,4,NO_ECONOMIZER,0.057142857,0.028571429,False,False,1.244897959,2.959183673,1.321161192,0.35
EDUCATION_COLLEGE,CBECS_1980_2004,5,NO_ECONOMIZER,0.057142857,0.028571429,False,False,1.183673469,3.112244898,1.321161192,0.35
EDUCATION_COLLEGE,CBECS_1980_2004,6,NO_ECONOMIZER,0.057142857,0.028571429,False,False,1.12244898,3.265306122,1.321161192,0.35
EDUCATION_COLLEGE,CBECS_1980_2004,7,NO_ECONOMIZER,0.057142857,0.028571429,False,False,1.06122449,3.418367347,1.321161192,0.35
EDUCATION_COLLEGE,CBECS_1980_2004,8,NO_ECONOMIZER,0.057142857,0.028571429,False,False,1.0,3.571428571,1.321161192,0.35
EDUCATION_COLLEGE,CBECS_PRE_1980,1,NO_ECONOMIZER,0.0,0.0,False,False,1.0,2.5,1.341354724,0.35
EDUCATION_COLLEGE,CBECS_PRE_1980,2,NO_ECONOMIZER,0.0,0.0,False,False,1.0,2.5,1.341354724,0.35
EDUCATION_COLLEGE,CBECS_PRE_1980,3,NO_ECONOMIZER,0.0,0.0,False,False,1.0,2.5,1.341354724,0.35
EDUCATION_COLLEGE,CBECS_PRE_1980,4,NO_ECONOMIZER,0.0,0.0,False,False,1.0,2.5,1.341354724,0.35
EDUCATION_COLLEGE,CBECS_PRE_1980,5,NO_ECONOMIZER,0.0,0.0,False,False,1.0,2.5,1.341354724,0.35
EDUCATION_COLLEGE,CBECS_PRE_1980,6,NO_ECONOMIZER,0.0,0.0,False,False,1.0,2.5,1.341354724,0.35
EDUCATION_COLLEGE,CBECS_PRE_1980,7,NO_ECONOMIZER,0.0,0.0,False,False,1.0,2.5,1.341354724,0.35
EDUCATION_COLLEGE,CBECS_PRE_1980,8,NO_ECONOMIZER,0.0,0.0,False,False,1.0,2.5,1.341354724,0.35
EDUCATION_SCHOOL_PRIMARY,ASHRAE_901_2004,1,NO_ECONOMIZER,0.114285714,0.057142857,True,True,1.857142857,2.5,1.340278839,0.35
EDUCATION_SCHOOL_PRIMARY,ASHRAE_901_2004,2,NO_ECONOMIZER,0.114285714,0.057142857,True,True,1.734693878,2.806122449,1.340278839,0.35
EDUCATION_SCHOOL_PRIMARY,ASHRAE_901_2004,3,DIFFERENTIAL_DRY_BULB,0.114285714,0.057142857,True,True,1.612244898,3.112244898,1.340278839,0.35
EDUCATION_SCHOOL_PRIMARY,ASHRAE_901_2004,4,DIFFERENTIAL_DRY_BULB,0.114285714,0.057142857,True,True,1.489795918,3.418367347,1.340278839,0.35
EDUCATION_SCHOOL_PRIMARY,ASHRAE_901_2004,5,DIFFERENTIAL_DRY_BULB,0.114285714,0.057142857,True,True,1.367346939,3.724489796,1.340278839,0.35
EDUCATION_SCHOOL_PRIMARY,ASHRAE_901_2004,6,DIFFERENTIAL_DRY_BULB,0.114285714,0.057142857,True,True,1.244897959,4.030612245,1.340278839,0.35
EDUCATION_SCHOOL_PRIMARY,ASHRAE_901_2004,7,DIFFERENTIAL_DRY_BULB,0.114285714,0.057142857,True,True,1.12244898,4.336734694,1.340278839,0.35
EDUCATION_SCHOOL_PRIMARY,ASHRAE_901_2004,8,DIFFERENTIAL_DRY_BULB,0.114285714,0.057142857,True,True,1.0,4.642857143,1.340278839,0.35
EDUCATION_SCHOOL_PRIMARY,ASHRAE_901_2007,1,NO_ECONOMIZER,0.171428571,0.085714286,True,True,2.285714286,2.5,1.312223071,0.35
EDUCATION_SCHOOL_PRIMARY,ASHRAE_901_2007,2,NO_ECONOMIZER,0.171428571,0.085714286,True,True,2.102040816,2.959183673,1.312223071,0.35
EDUCATION_SCHOOL_PRIMARY,ASHRAE_901_2007,3,DIFFERENTIAL_DRY_BULB,0.171428571,0.085714286,True,True,1.918367347,3.418367347,1.312223071,0.35
EDUCATION_SCHOOL_PRIMARY,ASHRAE_901_2007,4,DIFFERENTIAL_DRY_BULB,0.171428571,0.085714286,True,True,1.734693878,3.87755102,1.312223071,0.35
EDUCATION_SCHOOL_PRIMARY,ASHRAE_901_2007,5,DIFFERENTIAL_DRY_BULB,0.171428571,0.085714286,True,True,1.551020408,4.336734694,1.312223071,0.35
EDUCATION_SCHOOL_PRIMARY,ASHRAE_901_2007,6,DIFFERENTIAL_DRY_BULB,0.171428571,0.085714286,True,True,1.367346939,4.795918367,1.312223071,0.35
EDUCATION_SCHOOL_PRIMARY,ASHRAE_901_2007,7,DIFFERENTIAL_DRY_BULB,0.171428571,0.085714286,True,True,1.183673469,5.255102041,1.312223071,0.35
EDUCATION_SCHOOL_PRIMARY,ASHRAE_901_2007,8,DIFFERENTIAL_DRY_BULB,0.171428571,0.085714286,True,True,1.0,5.714285714,1.312223071,0.35
EDUCATION_SCHOOL_PRIMARY,ASHRAE_901_2010,1,NO_ECONOMIZER,0.228571429,0.114285714,True,True,2.714285714,2.5,1.284167303,0.35
EDUCATION_SCHOOL_PRIMARY,ASHRAE_901_2010,2,NO_ECONOMIZER,0.228571429,0.114285714,True,True,2.469387755,3.112244898,1.284167303,0.35
EDUCATION_SCHOOL_PRIMARY,ASHRAE_901_2010,3,DIFFERENTIAL_DRY_BULB,0.228571429,0.114285714,True,True,2.224489796,3.724489796,1.284167303,0.35
EDUCATION_SCHOOL_PRIMARY,ASHRAE_901_2010,4,DIFFERENTIAL_DRY_BULB,0.228571429,0.114285714,True,True,1.979591837,4.336734694,1.284167303,0.35
EDUCATION_SCHOOL_PRIMARY,ASHRAE_901_2010,5,DIFFERENTIAL_DRY_BULB,0.228571429,0.114285714,True,True,1.734693878,4.948979592,1.284167303,0.35
EDUCATION_SCHOOL_PRIMARY,ASHRAE_901_2010,6,DIFFERENTIAL_DRY_BULB,0.228571429,0.114285714,True,True,1.489795918,5.56122449,1.284167303,0.35
EDUCATION_SCHOOL_PRIMARY,ASHRAE_901_2010,7,DIFFERENTIAL_DRY_BULB,0.228571429,0.114285714,True,True,1.244897959,6.173469388,1.284167303,0.35
EDUCATION_SCHOOL_PRIMARY,ASHRAE_901_2010,8,DIFFERENTIAL_DRY_BULB,0.228571429,0.114285714,True,True,1.0,6.785714286,1.284167303,0.35
EDUCATION_SCHOOL_PRIMARY,ASHRAE_901_2013,1,NO_ECONOMIZER,0.285714286,0.142857143,True,True,3.142857143,2.5,1.256111536,0.35
EDUCATION_SCHOOL_PRIMARY,ASHRAE_901_2013,2,NO_ECONOMIZER,0.285714286,0.142857143,True,True,2.836734694,3.265306122,1.256111536,0.35
EDUCATION_SCHOOL_PRIMARY,ASHRAE_901_2013,3,DIFFERENTIAL_DRY_BULB,0.285714286,0.142857143,True,True,2.530612245,4.030612245,1.256111536,0.35
EDUCATION_SCHOOL_PRIMARY,ASHRAE_901_2013,4,DIFFERENTIAL_DRY_BULB,0.285714286,0.142857143,True,True,2.224489796,4.795918367,1.256111536,0.35
EDUCATION_SCHOOL_PRIMARY,ASHRAE_901_2013,5,DIFFERENTIAL_DRY_BULB,0.285714286,0.142857143,True,True,1.918367347,5.56122449,1.256111536,0.35
EDUCATION_SCHOOL_PRIMARY,ASHRAE_901_2013,6,DIFFERENTIAL_DRY_BULB,0.285714286,0.142857143,True,True,1.612244898,6.326530612,1.256111536,0.35
EDUCATION_SCHOOL_PRIMARY,ASHRAE_901_2013,7,DIFFERENTIAL_DRY_BULB,0.285714286,0.142857143,True,True,1.306122449,7.091836735,1.256111536,0.35
EDUCATION_SCHOOL_PRIMARY,ASHRAE_901_2013,8,DIFFERENTIAL_DRY_BULB,0.285714286,0.142857143,True,True,1.0,7.857142857,1.256111536,0.35
EDUCATION_SCHOOL_PRIMARY,ASHRAE_901_2016,1,NO_ECONOMIZER,0.342857143,0.171428571,True,True,3.571428571,2.5,1.228055768,0.35
EDUCATION_SCHOOL_PRIMARY,ASHRAE_901_2016,2,NO_ECONOMIZER,0.342857143,0.171428571,True,True,3.204081633,3.418367347,1.228055768,0.35
EDUCATION_SCHOOL_PRIMARY,ASHRAE_901_2016,3,DIFFERENTIAL_DRY_BULB,0.342857143,0.171428571,True,True,2.836734694,4.336734694,1.228055768,0.35
EDUCATION_SCHOOL_PRIMARY,ASHRAE_901_2016,4,DIFFERENTIAL_DRY_BULB,0.342857143,0.171428571,True,True,2.469387755,5.255102041,1.228055768,0.35
EDUCATION_SCHOOL_PRIMARY,ASHRAE_901_2016,5,DIFFERENTIAL_DRY_BULB,0.342857143,0.171428571,True,True,2.102040816,6.173469388,1.228055768,0.35
EDUCATION_SCHOOL_PRIMARY,ASHRAE_901_2016,6,DIFFERENTIAL_DRY_BULB,0.342857143,0.171428571,True,True,1.734693878,7.091836735,1.228055768,0.35
EDUCATION_SCHOOL_PRIMARY,ASHRAE_901_2016,7,DIFFERENTIAL_DRY_BULB,0.342857143,0.171428571,True,True,1.367346939,8.010204082,1.228055768,0.35
EDUCATION_SCHOOL_PRIMARY,ASHRAE_901_2016,8,DIFFERENTIAL_DRY_BULB,0.342857143,0.171428571,True,True,1.0,8.928571429,1.228055768,0.35
EDUCATION_SCHOOL_PRIMARY,ASHRAE_901_2019,1,NO_ECONOMIZER,0.4,0.2,True,True,4.0,2.5,1.2,0.35
EDUCATION_SCHOOL_PRIMARY,ASHRAE_901_2019,2,NO_ECONOMIZER,0.4,0.2,True,True,3.571428571,3.571428571,1.2,0.35
EDUCATION_SCHOOL_PRIMARY,ASHRAE_901_2019,3,DIFFERENTIAL_DRY_BULB,0.4,0.2,True,True,3.142857143,4.642857143,1.2,0.35
EDUCATION_SCHOOL_PRIMARY,ASHRAE_901_2019,4,DIFFERENTIAL_DRY_BULB,0.4,0.2,True,True,2.714285714,5.714285714,1.2,0.35
EDUCATION_SCHOOL_PRIMARY,ASHRAE_901_2019,5,DIFFERENTIAL_DRY_BULB,0.4,0.2,True,True,2.285714286,6.785714286,1.2,0.35
EDUCATION_SCHOOL_PRIMARY,ASHRAE_901_2019,6,DIFFERENTIAL_DRY_BULB,0.4,0.2,True,True,1.857142857,7.857142857,1.2,0.35
EDUCATION_SCHOOL_PRIMARY,ASHRAE_901_2019,7,DIFFERENTIAL_DRY_BULB,0.4,0.2,True,True,1.428571429,8.928571429,1.2,0.35
EDUCATION_SCHOOL_PRIMARY,ASHRAE_901_2019,8,DIFFERENTIAL_DRY_BULB,0.4,0.2,True,True,1.0,10.0,1.2,0.35
EDUCATION_SCHOOL_PRIMARY,CBECS_1980_2004,1,NO_ECONOMIZER,0.057142857,0.028571429,False,False,1.428571429,2.5,1.368334607,0.35
EDUCATION_SCHOOL_PRIMARY,CBECS_1980_2004,2,NO_ECONOMIZER,0.057142857,0.028571429,False,False,1.367346939,2.653061224,1.368334607,0.35
EDUCATION_SCHOOL_PRIMARY,CBECS_1980_2004,3,NO_ECONOMIZER,0.057142857,0.028571429,False,False,1.306122449,2.806122449,1.368334607,0.35
EDUCATION_SCHOOL_PRIMARY,CBECS_1980_2004,4,NO_ECONOMIZER,0.057142857,0.028571429,False,False,1.244897959,2.959183673,1.368334607,0.35
EDUCATION_SCHOOL_PRIMARY,CBECS_1980_2004,5,NO_ECONOMIZER,0.057142857,0.028571429,False,False,1.183673469,3.112244898,1.368334607,0.35
EDUCATION_SCHOOL_PRIMARY,CBECS_1980_2004,6,NO_ECONOMIZER,0.057142857,0.028571429,False,False,1.12244898,3.265306122,1.368334607,0.35
EDUCATION_SCHOOL_PRIMARY,CBECS_1980_2004,7,NO_ECONOMIZER,0.057142857,0.028571429,False,False,1.06122449,3.418367347,1.368334607,0.35
EDUCATION_SCHOOL_PRIMARY,CBECS_1980_2004,8,NO_ECONOMIZER,0.057142857,0.028571429,False,False,1.0,3.571428571,1.368334607,0.35
EDUCATION_SCHOOL_PRIMARY,CBECS_PRE_1980,1,NO_ECONOMIZER,0.0,0.0,False,False,1.0,2.5,1.396390374,0.35
EDUCATION_SCHOOL_PRIMARY,CBECS_PRE_1980,2,NO_ECONOMIZER,0.0,0.0,False,False,1.0,2.5,1.396390374,0.35
EDUCATION_SCHOOL_PRIMARY,CBECS_PRE_1980,3,NO_ECONOMIZER,0.0,0.0,False,False,1.0,2.5,1.396390374,0.35
EDUCATION_SCHOOL_PRIMARY,CBECS_PRE_1980,4,NO_ECONOMIZER,0.0,0.0,False,False,1.0,2.5,1.396390374,0.35
EDUCATION_SCHOOL_PRIMARY,CBECS_PRE_1980,5,NO_ECONOMIZER,0.0,0.0,False,False,1.0,2.5,1.396390374,0.35
EDUCATION_SCHOOL_PRIMARY,CBECS_PRE_1980,6,NO_ECONOMIZER,0.0,0.0,False,False,1.0,2.5,1.396390374,0.35
EDUCATION_SCHOOL_PRIMARY,CBECS_PRE_1980,7,NO_ECONOMIZER,0.0,0.0,False,False,1.0,2.5,1.396390374,0.35
EDUCATION_SCHOOL_PRIMARY,CBECS_PRE_1980,8,NO_ECONOMIZER,0.0,0.0,False,False,1.0,2.5,1.396390374,0.35
EDUCATION_SCHOOL_SECONDARY,ASHRAE_901_2004,1,NO_ECONOMIZER,0.114285714,0.057142857,True,True,1.857142857,2.5,1.603043035,0.35
EDUCATION_SCHOOL_SECONDARY,ASHRAE_901_2004,2,NO_ECONOMIZER,0.114285714,0.057142857,True,True,1.734693878,2.806122449,1.603043035,0.35
EDUCATION_SCHOOL_SECONDARY,ASHRAE_901_2004,3,DIFFERENTIAL_DRY_BULB,0.114285714,0.057142857,True,True,1.612244898,3.112244898,1.603043035,0.35
EDUCATION_SCHOOL_SECONDARY,ASHRAE_901_2004,4,DIFFERENTIAL_DRY_BULB,0.114285714,0.057142857,True,True,1.489795918,3.418367347,1.603043035,0.35
EDUCATION_SCHOOL_SECONDARY,ASHRAE_901_2004,5,DIFFERENTIAL_DRY_BULB,0.114285714,0.057142857,True,True,1.367346939,3.724489796,1.603043035,0.35
EDUCATION_SCHOOL_SECONDARY,ASHRAE_901_2004,6,DIFFERENTIAL_DRY_BULB,0.114285714,0.057142857,True,True,1.244897959,4.030612245,1.603043035,0.35
EDUCATION_SCHOOL_SECONDARY,ASHRAE_901_2004,7,DIFFERENTIAL_DRY_BULB,0.114285714,0.057142857,True,True,1.12244898,4.336734694,1.603043035,0.35
EDUCATION_SCHOOL_SECONDARY,ASHRAE_901_2004,8,DIFFERENTIAL_DRY_BULB,0.114285714,0.057142857,True,True,1.0,4.642857143,1.603043035,0.35
EDUCATION_SCHOOL_SECONDARY,ASHRAE_901_2007,1,NO_ECONOMIZER,0.171428571,0.085714286,True,True,2.285714286,2.5,1.522434428,0.35
EDUCATION_SCHOOL_SECONDARY,ASHRAE_901_2007,2,NO_ECONOMIZER,0.171428571,0.085714286,True,True,2.102040816,2.959183673,1.522434428,0.35
EDUCATION_SCHOOL_SECONDARY,ASHRAE_901_2007,3,DIFFERENTIAL_DRY_BULB,0.171428571,0.085714286,True,True,1.918367347,3.418367347,1.522434428,0.35
EDUCATION_SCHOOL_SECONDARY,ASHRAE_901_2007,4,DIFFERENTIAL_DRY_BULB,0.171428571,0.085714286,True,True,1.734693878,3.87755102,1.522434428,0.35
EDUCATION_SCHOOL_SECONDARY,ASHRAE_901_2007,5,DIFFERENTIAL_DRY_BULB,0.171428571,0.085714286,True,True,1.551020408,4.336734694,1.522434428,0.35
EDUCATION_SCHOOL_SECONDARY,ASHRAE_901_2007,6,DIFFERENTIAL_DRY_BULB,0.171428571,0.085714286,True,True,1.367346939,4.795918367,1.522434428,0.35
EDUCATION_SCHOOL_SECONDARY,ASHRAE_901_2007,7,DIFFERENTIAL_DRY_BULB,0.171428571,0.085714286,True,True,1.183673469,5.255102041,1.522434428,0.35
EDUCATION_SCHOOL_SECONDARY,ASHRAE_901_2007,8,DIFFERENTIAL_DRY_BULB,0.171428571,0.085714286,True,True,1.0,5.714285714,1.522434428,0.35
EDUCATION_SCHOOL_SECONDARY,ASHRAE_901_2010,1,NO_ECONOMIZER,0.228571429,0.114285714,True,True,2.714285714,2.5,1.441825821,0.35
EDUCATION_SCHOOL_SECONDARY,ASHRAE_901_2010,2,NO_ECONOMIZER,0.228571429,0.114285714,True,True,2.469387755,3.112244898,1.441825821,0.35
EDUCATION_SCHOOL_SECONDARY,ASHRAE_901_2010,3,DIFFERENTIAL_DRY_BULB,0.228571429,0.114285714,True,True,2.224489796,3.724489796,1.441825821,0.35
EDUCATION_SCHOOL_SECONDARY,ASHRAE_901_2010,4,DIFFERENTIAL_DRY_BULB,0.228571429,0.114285714,True,True,1.979591837,4.336734694,1.441825821,0.35
EDUCATION_SCHOOL_SECONDARY,ASHRAE_901_2010,5,DIFFERENTIAL_DRY_BULB,0.228571429,0.114285714,True,True,1.734693878,4.948979592,1.441825821,0.35
EDUCATION_SCHOOL_SECONDARY,ASHRAE_901_2010,6,DIFFERENTIAL_DRY_BULB,0.228571429,0.114285714,True,True,1.489795918,5.56122449,1.441825821,0.35
EDUCATION_SCHOOL_SECONDARY,ASHRAE_901_2010,7,DIFFERENTIAL_DRY_BULB,0.228571429,0.114285714,True,True,1.244897959,6.173469388,1.441825821,0.35
EDUCATION_SCHOOL_SECONDARY,ASHRAE_901_2010,8,DIFFERENTIAL_DRY_BULB,0.228571429,0.114285714,True,True,1.0,6.785714286,1.441825821,0.35
EDUCATION_SCHOOL_SECONDARY,ASHRAE_901_2013,1,NO_ECONOMIZER,0.285714286,0.142857143,True,True,3.142857143,2.5,1.361217214,0.35
EDUCATION_SCHOOL_SECONDARY,ASHRAE_901_2013,2,NO_ECONOMIZER,0.285714286,0.142857143,True,True,2.836734694,3.265306122,1.361217214,0.35
EDUCATION_SCHOOL_SECONDARY,ASHRAE_901_2013,3,DIFFERENTIAL_DRY_BULB,0.285714286,0.142857143,True,True,2.530612245,4.030612245,1.361217214,0.35
EDUCATION_SCHOOL_SECONDARY,ASHRAE_901_2013,4,DIFFERENTIAL_DRY_BULB,0.285714286,0.142857143,True,True,2.224489796,4.795918367,1.361217214,0.35
EDUCATION_SCHOOL_SECONDARY,ASHRAE_901_2013,5,DIFFERENTIAL_DRY_BULB,0.285714286,0.142857143,True,True,1.918367347,5.56122449,1.361217214,0.35
EDUCATION_SCHOOL_SECONDARY,ASHRAE_901_2013,6,DIFFERENTIAL_DRY_BULB,0.285714286,0.142857143,True,True,1.612244898,6.326530612,1.361217214,0.35
EDUCATION_SCHOOL_SECONDARY,ASHRAE_901_2013,7,DIFFERENTIAL_DRY_BULB,0.285714286,0.142857143,True,True,1.306122449,7.091836735,1.361217214,0.35
EDUCATION_SCHOOL_SECONDARY,ASHRAE_901_2013,8,DIFFERENTIAL_DRY_BULB,0.285714286,0.142857143,True,True,1.0,7.857142857,1.361217214,0.35
EDUCATION_SCHOOL_SECONDARY,ASHRAE_901_2016,1,NO_ECONOMIZER,0.342857143,0.171428571,True,True,3.571428571,2.5,1.280608607,0.35
EDUCATION_SCHOOL_SECONDARY,ASHRAE_901_2016,2,NO_ECONOMIZER,0.342857143,0.171428571,True,True,3.204081633,3.418367347,1.280608607,0.35
EDUCATION_SCHOOL_SECONDARY,ASHRAE_901_2016,3,DIFFERENTIAL_DRY_BULB,0.342857143,0.171428571,True,True,2.836734694,4.336734694,1.280608607,0.35
EDUCATION_SCHOOL_SECONDARY,ASHRAE_901_2016,4,DIFFERENTIAL_DRY_BULB,0.342857143,0.171428571,True,True,2.469387755,5.255102041,1.280608607,0.35
EDUCATION_SCHOOL_SECONDARY,ASHRAE_901_2016,5,DIFFERENTIAL_DRY_BULB,0.342857143,0.171428571,True,True,2.102040816,6.173469388,1.280608607,0.35
EDUCATION_SCHOOL_SECONDARY,ASHRAE_901_2016,6,DIFFERENTIAL_DRY_BULB,0.342857143,0.171428571,True,True,1.734693878,7.091836735,1.280608607,0.35
EDUCATION_SCHOOL_SECONDARY,ASHRAE_901_2016,7,DIFFERENTIAL_DRY_BULB,0.342857143,0.171428571,True,True,1.367346939,8.010204082,1.280608607,0.35
EDUCATION_SCHOOL_SECONDARY,ASHRAE_901_2016,8,DIFFERENTIAL_DRY_BULB,0.342857143,0.171428571,True,True,1.0,8.928571429,1.280608607,0.35
EDUCATION_SCHOOL_SECONDARY,ASHRAE_901_2019,1,NO_ECONOMIZER,0.4,0.2,True,True,4.0,2.5,1.2,0.35
EDUCATION_SCHOOL_SECONDARY,ASHRAE_901_2019,2,NO_ECONOMIZER,0.4,0.2,True,True,3.571428571,3.571428571,1.2,0.35
EDUCATION_SCHOOL_SECONDARY,ASHRAE_901_2019,3,DIFFERENTIAL_DRY_BULB,0.4,0.2,True,True,3.142857143,4.642857143,1.2,0.35
EDUCATION_SCHOOL_SECONDARY,ASHRAE_901_2019,4,DIFFERENTIAL_DRY_BULB,0.4,0.2,True,True,2.714285714,5.714285714,1.2,0.35
EDUCATION_SCHOOL_SECONDARY,ASHRAE_901_2019,5,DIFFERENTIAL_DRY_BULB,0.4,0.2,True,True,2.285714286,6.785714286,1.2,0.35
EDUCATION_SCHOOL_SECONDARY,ASHRAE_901_2019,6,DIFFERENTIAL_DRY_BULB,0.4,0.2,True,True,1.857142857,7.857142857,1.2,0.35
EDUCATION_SCHOOL_SECONDARY,ASHRAE_901_2019,7,DIFFERENTIAL_DRY_BULB,0.4,0.2,True,True,1.428571429,8.928571429,1.2,0.35
EDUCATION_SCHOOL_SECONDARY,ASHRAE_901_2019,8,DIFFERENTIAL_DRY_BULB,0.4,0.2,True,True,1.0,10.0,1.2,0.35
EDUCATION_SCHOOL_SECONDARY,CBECS_1980_2004,1,NO_ECONOMIZER,0.057142857,0.028571429,False,False,1.428571429,2.5,1.683651642,0.35
EDUCATION_SCHOOL_SECONDARY,CBECS_1980_2004,2,NO_ECONOMIZER,0.057142857,0.028571429,False,False,1.367346939,2.653061224,1.683651642,0.35
EDUCATION_SCHOOL_SECONDARY,CBECS_1980_2004,3,NO_ECONOMIZER,0.057142857,0.028571429,False,False,1.306122449,2.806122449,1.683651642,0.35
EDUCATION_SCHOOL_SECONDARY,CBECS_1980_2004,4,NO_ECONOMIZER,0.057142857,0.028571429,False,False,1.244897959,2.959183673,1.683651642,0.35
EDUCATION_SCHOOL_SECONDARY,CBECS_1980_2004,5,NO_ECONOMIZER,0.057142857,0.028571429,False,False,1.183673469,3.112244898,1.683651642,0.35
EDUCATION_SCHOOL_SECONDARY,CBECS_1980_2004,6,NO_ECONOMIZER,0.057142857,0.028571429,False,False,1.12244898,3.265306122,1.683651642,0.35
EDUCATION_SCHOOL_SECONDARY,CBECS_1980_2004,7,NO_ECONOMIZER,0.057142857,0.028571429,False,False,1.06122449,3.418367347,1.683651642,0.35
EDUCATION_SCHOOL_SECONDARY,CBECS_1980_2004,8,NO_ECONOMIZER,0.057142857,0.028571429,False,False,1.0,3.571428571,1.683651642,0.35
EDUCATION_SCHOOL_SECONDARY,CBECS_PRE_1980,1,NO_ECONOMIZER,0.0,0.0,False,False,1.0,2.5,1.76426025,0.35
EDUCATION_SCHOOL_SECONDARY,CBECS_PRE_1980,2,NO_ECONOMIZER,0.0,0.0,False,False,1.0,2.5,1.76426025,0.35
EDUCATION_SCHOOL_SECONDARY,CBECS_PRE_1980,3,NO_ECONOMIZER,0.0,0.0,False,False,1.0,2.5,1.76426025,0.35
EDUCATION_SCHOOL_SECONDARY,CBECS_PRE_1980,4,NO_ECONOMIZER,0.0,0.0,False,False,1.0,2.5,1.76426025,0.35
EDUCATION_SCHOOL_SECONDARY,CBECS_PRE_1980,5,NO_ECONOMIZER,0.0,0.0,False,False,1.0,2.5,1.76426025,0.35
EDUCATION_SCHOOL_SECONDARY,CBECS_PRE_1980,6,NO_ECONOMIZER,0.0,0.0,False,False,1.0,2.5,1.76426025,0.35
EDUCATION_SCHOOL_SECONDARY,CBECS_PRE_1980,7,NO_ECONOMIZER,0.0,0.0,False,False,1.0,2.5,1.76426025,0.35
EDUCATION_SCHOOL_SECONDARY,CBECS_PRE_1980,8,NO_ECONOMIZER,0.0,0.0,False,False,1.0,2.5,1.76426025,0.35
HEALTHCARE_HOSPITAL,ASHRAE_901_2004,1,NO_ECONOMIZER,0.114285714,0.057142857,True,True,1.857142857,2.5,1.652699262,0.35
HEALTHCARE_HOSPITAL,ASHRAE_901_2004,2,NO_ECONOMIZER,0.114285714,0.057142857,True,True,1.734693878,2.806122449,1.652699262,0.35
HEALTHCARE_HOSPITAL,ASHRAE_901_2004,3,DIFFERENTIAL_DRY_BULB,0.114285714,0.057142857,True,True,1.612244898,3.112244898,1.652699262,0.35
HEALTHCARE_HOSPITAL,ASHRAE_901_2004,4,DIFFERENTIAL_DRY_BULB,0.114285714,0.057142857,True,True,1.489795918,3.418367347,1.652699262,0.35
HEALTHCARE_HOSPITAL,ASHRAE_901_2004,5,DIFFERENTIAL_DRY_BULB,0.114285714,0.057142857,True,True,1.367346939,3.724489796,1.652699262,0.35
HEALTHCARE_HOSPITAL,ASHRAE_901_2004,6,DIFFERENTIAL_DRY_BULB,0.114285714,0.057142857,True,True,1.244897959,4.030612245,1.652699262,0.35
HEALTHCARE_HOSPITAL,ASHRAE_901_2004,7,DIFFERENTIAL_DRY_BULB,0.114285714,0.057142857,True,True,1.12244898,4.336734694,1.652699262,0.35
HEALTHCARE_HOSPITAL,ASHRAE_901_2004,8,DIFFERENTIAL_DRY_BULB,0.114285714,0.057142857,True,True,1.0,4.642857143,1.652699262,0.35
HEALTHCARE_HOSPITAL,ASHRAE_901_2007,1,NO_ECONOMIZER,0.171428571,0.085714286,True,True,2.285714286,2.5,1.562159409,0.35
HEALTHCARE_HOSPITAL,ASHRAE_901_2007,2,NO_ECONOMIZER,0.171428571,0.085714286,True,True,2.102040816,2.959183673,1.562159409,0.35
HEALTHCARE_HOSPITAL,ASHRAE_901_2007,3,DIFFERENTIAL_DRY_BULB,0.171428571,0.085714286,True,True,1.918367347,3.418367347,1.562159409,0.35
HEALTHCARE_HOSPITAL,ASHRAE_901_2007,4,DIFFERENTIAL_DRY_BULB,0.171428571,0.085714286,True,True,1.734693878,3.87755102,1.562159409,0.35
HEALTHCARE_HOSPITAL,ASHRAE_901_2007,5,DIFFERENTIAL_DRY_BULB,0.171428571,0.085714286,True,True,1.551020408,4.336734694,1.562159409,0.35
HEALTHCARE_HOSPITAL,ASHRAE_901_2007,6,DIFFERENTIAL_DRY_BULB,0.171428571,0.085714286,True,True,1.367346939,4.795918367,1.562159409,0.35
HEALTHCARE_HOSPITAL,ASHRAE_901_2007,7,DIFFERENTIAL_DRY_BULB,0.171428571,0.085714286,True,True,1.183673469,5.255102041,1.562159409,0.35
HEALTHCARE_HOSPITAL,ASHRAE_901_2007,8,DIFFERENTIAL_DRY_BULB,0.171428571,0.085714286,True,True,1.0,5.714285714,1.562159409,0.35
HEALTHCARE_HOSPITAL,ASHRAE_901_2010,1,NO_ECONOMIZER,0.228571429,0.114285714,True,True,2.714285714,2.5,1.471619557,0.35
HEALTHCARE_HOSPITAL,ASHRAE_901_2010,2,NO_ECONOMIZER,0.228571429,0.114285714,True,True,2.469387755,3.112244898,1.471619557,0.35
HEALTHCARE_HOSPITAL,ASHRAE_901_2010,3,DIFFERENTIAL_DRY_BULB,0.228571429,0.114285714,True,True,2.224489796,3.724489796,1.471619557,0.35
HEALTHCARE_HOSPITAL,ASHRAE_901_2010,4,DIFFERENTIAL_DRY_BULB,0.228571429,0.114285714,True,True,1.979591837,4.336734694,1.471619557,0.35
HEALTHCARE_HOSPITAL,ASHRAE_901_2010,5,DIFFERENTIAL_DRY_BULB,0.228571429,0.114285714,True,True,1.734693878,4.948979592,1.471619557,0.35
HEALTHCARE_HOSPITAL,ASHRAE_901_2010,6,DIFFERENTIAL_DRY_BULB,0.228571429,0.114285714,True,True,1.489795918,5.56122449,1.471619557,0.35
HEALTHCARE_HOSPITAL,ASHRAE_901_2010,7,DIFFERENTIAL_DRY_BULB,0.228571429,0.114285714,True,True,1.244897959,6.173469388,1.471619557,0.35
HEALTHCARE_HOSPITAL,ASHRAE_901_2010,8,DIFFERENTIAL_DRY_BULB,0.228571429,0.114285714,True,True,1.0,6.785714286,1.471619557,0.35
HEALTHCARE_HOSPITAL,ASHRAE_901_2013,1,NO_ECONOMIZER,0.285714286,0.142857143,True,True,3.142857143,2.5,1.381079705,0.35
HEALTHCARE_HOSPITAL,ASHRAE_901_2013,2,NO_ECONOMIZER,0.285714286,0.142857143,True,True,2.836734694,3.265306122,1.381079705,0.35
HEALTHCARE_HOSPITAL,ASHRAE_901_2013,3,DIFFERENTIAL_DRY_BULB,0.285714286,0.142857143,True,True,2.530612245,4.030612245,1.381079705,0.35
HEALTHCARE_HOSPITAL,ASHRAE_901_2013,4,DIFFERENTIAL_DRY_BULB,0.285714286,0.142857143,True,True,2.224489796,4.795918367,1.381079705,0.35
HEALTHCARE_HOSPITAL,ASHRAE_901_2013,5,DIFFERENTIAL_DRY_BULB,0.285714286,0.142857143,True,True,1.918367347,5.56122449,1.381079705,0.35
HEALTHCARE_HOSPITAL,ASHRAE_901_2013,6,DIFFERENTIAL_DRY_BULB,0.285714286,0.142857143,True,True,1.612244898,6.326530612,1.381079705,0.35
HEALTHCARE_HOSPITAL,ASHRAE_901_2013,7,DIFFERENTIAL_DRY_BULB,0.285714286,0.142857143,True,True,1.306122449,7.091836735,1.381079705,0.35
HEALTHCARE_HOSPITAL,ASHRAE_901_2013,8,DIFFERENTIAL_DRY_BULB,0.285714286,0.142857143,True,True,1.0,7.857142857,1.381079705,0.35
HEALTHCARE_HOSPITAL,ASHRAE_901_2016,1,NO_ECONOMIZER,0.342857143,0.171428571,True,True,3.571428571,2.5,1.290539852,0.35
HEALTHCARE_HOSPITAL,ASHRAE_901_2016,2,NO_ECONOMIZER,0.342857143,0.171428571,True,True,3.204081633,3.418367347,1.290539852,0.35
HEALTHCARE_HOSPITAL,ASHRAE_901_2016,3,DIFFERENTIAL_DRY_BULB,0.342857143,0.171428571,True,True,2.836734694,4.336734694,1.290539852,0.35
HEALTHCARE_HOSPITAL,ASHRAE_901_2016,4,DIFFERENTIAL_DRY_BULB,0.342857143,0.171428571,True,True,2.469387755,5.255102041,1.290539852,0.35
HEALTHCARE_HOSPITAL,ASHRAE_901_2016,5,DIFFERENTIAL_DRY_BULB,0.342857143,0.171428571,True,True,2.102040816,6.173469388,1.290539852,0.35
HEALTHCARE_HOSPITAL,ASHRAE_901_2016,6,DIFFERENTIAL_DRY_BULB,0.342857143,0.171428571,True,True,1.734693878,7.091836735,1.290539852,0.35
HEALTHCARE_HOSPITAL,ASHRAE_901_2016,7,DIFFERENTIAL_DRY_BULB,0.342857143,0.171428571,True,True,1.367346939,8.010204082,1.290539852,0.35
HEALTHCARE_HOSPITAL,ASHRAE_901_2016,8,DIFFERENTIAL_DRY_BULB,0.342857143,0.171428571,True,True,1.0,8.928571429,1.290539852,0.35
HEALTHCARE_HOSPITAL,ASHRAE_901_2019,1,NO_ECONOMIZER,0.4,0.2,True,True,4.0,2.5,1.2,0.35
HEALTHCARE_HOSPITAL,ASHRAE_901_2019,2,NO_ECONOMIZER,0.4,0.2,True,True,3.571428571,3.571428571,1.2,0.35
HEALTHCARE_HOSPITAL,ASHRAE_901_2019,3,DIFFERENTIAL_DRY_BULB,0.4,0.2,True,True,3.142857143,4.642857143,1.2,0.35
HEALTHCARE_HOSPITAL,ASHRAE_901_2019,4,DIFFERENTIAL_DRY_BULB,0.4,0.2,True,True,2.714285714,5.714285714,1.2,0.35
HEALTHCARE_HOSPITAL,ASHRAE_901_2019,5,DIFFERENTIAL_DRY_BULB,0.4,0.2,True,True,2.285714286,6.785714286,1.2,0.35
HEALTHCARE_HOSPITAL,ASHRAE_901_2019,6,DIFFERENTIAL_DRY_BULB,0.4,0.2,True,True,1.857142857,7.857142857,1.2,0.35
HEALTHCARE_HOSPITAL,ASHRAE_901_2019,7,DIFFERENTIAL_DRY_BULB,0.4,0.2,True,True,1.428571429,8.928571429,1.2,0.35
HEALTHCARE_HOSPITAL,ASHRAE_901_2019,8,DIFFERENTIAL_DRY_BULB,0.4,0.2,True,True,1.0,10.0,1.2,0.35
HEALTHCARE_HOSPITAL,CBECS_1980_2004,1,NO_ECONOMIZER,0.057142857,0.028571429,False,False,1.428571429,2.5,1.743239114,0.35
HEALTHCARE_HOSPITAL,CBECS_1980_2004,2,NO_ECONOMIZER,0.057142857,0.028571429,False,False,1.367346939,2.653061224,1.743239114,0.35
HEALTHCARE_HOSPITAL,CBECS_1980_2004,3,NO_ECONOMIZER,0.057142857,0.028571429,False,False,1.306122449,2.806122449,1.743239114,0.35
HEALTHCARE_HOSPITAL,CBECS_1980_2004,4,NO_ECONOMIZER,0.057142857,0.028571429,False,False,1.244897959,2.959183673,1.743239114,0.35
HEALTHCARE_HOSPITAL,CBECS_1980_2004,5,NO_ECONOMIZER,0.057142857,0.028571429,False,False,1.183673469,3.112244898,1.743239114,0.35
HEALTHCARE_HOSPITAL,CBECS_1980_2004,6,NO_ECONOMIZER,0.057142857,0.028571429,False,False,1.12244898,3.265306122,1.743239114,0.35
HEALTHCARE_HOSPITAL,CBECS_1980_2004,7,NO_ECONOMIZER,0.057142857,0.028571429,False,False,1.06122449,3.418367347,1.743239114,0.35
HEALTHCARE_HOSPITAL,CBECS_1980_2004,8,NO_ECONOMIZER,0.057142857,0.028571429,False,False,1.0,3.571428571,1.743239114,0.35
HEALTHCARE_HOSPITAL,CBECS_PRE_1980,1,NO_ECONOMIZER,0.0,0.0,False,False,1.0,2.5,1.833778966,0.35
HEALTHCARE_HOSPITAL,CBECS_PRE_1980,2,NO_ECONOMIZER,0.0,0.0,False,False,1.0,2.5,1.833778966,0.35
HEALTHCARE_HOSPITAL,CBECS_PRE_1980,3,NO_ECONOMIZER,0.0,0.0,False,False,1.0,2.5,1.833778966,0.35
HEALTHCARE_HOSPITAL,CBECS_PRE_1980,4,NO_ECONOMIZER,0.0,0.0,False,False,1.0,2.5,1.833778966,0.35
HEALTHCARE_HOSPITAL,CBECS_PRE_1980,5,NO_ECONOMIZER,0.0,0.0,False,False,1.0,2.5,1.833778966,0.35
HEALTHCARE_HOSPITAL,CBECS_PRE_1980,6,NO_ECONOMIZER,0.0,0.0,False,False,1.0,2.5,1.833778966,0.35
HEALTHCARE_HOSPITAL,CBECS_PRE_1980,7,NO_ECONOMIZER,0.0,0.0,False,False,1.0,2.5,1.833778966,0.35
HEALTHCARE_HOSPITAL,CBECS_PRE_1980,8,NO_ECONOMIZER,0.0,0.0,False,False,1.0,2.5,1.833778966,0.35
HEALTHCARE_OUTPATIENT,ASHRAE_901_2004,1,NO_ECONOMIZER,0.114285714,0.057142857,False,True,1.857142857,2.5,1.276139547,0.35
HEALTHCARE_OUTPATIENT,ASHRAE_901_2004,2,NO_ECONOMIZER,0.114285714,0.057142857,False,True,1.734693878,2.806122449,1.276139547,0.35
HEALTHCARE_OUTPATIENT,ASHRAE_901_2004,3,DIFFERENTIAL_DRY_BULB,0.114285714,0.057142857,False,True,1.612244898,3.112244898,1.276139547,0.35
HEALTHCARE_OUTPATIENT,ASHRAE_901_2004,4,DIFFERENTIAL_DRY_BULB,0.114285714,0.057142857,False,True,1.489795918,3.418367347,1.276139547,0.35
HEALTHCARE_OUTPATIENT,ASHRAE_901_2004,5,DIFFERENTIAL_DRY_BULB,0.114285714,0.057142857,False,True,1.367346939,3.724489796,1.276139547,0.35
HEALTHCARE_OUTPATIENT,ASHRAE_901_2004,6,DIFFERENTIAL_DRY_BULB,0.114285714,0.057142857,False,True,1.244897959,4.030612245,1.276139547,0.35
HEALTHCARE_OUTPATIENT,ASHRAE_901_2004,7,DIFFERENTIAL_DRY_BULB,0.114285714,0.057142857,False,True,1.12244898,4.336734694,1.276139547,0.35
HEALTHCARE_OUTPATIENT,ASHRAE_901_2004,8,DIFFERENTIAL_DRY_BULB,0.114285714,0.057142857,False,True,1.0,4.642857143,1.276139547,0.35
HEALTHCARE_OUTPATIENT,ASHRAE_901_2007,1,NO_ECONOMIZER,0.171428571,0.085714286,True,True,2.285714286,2.5,1.260911637,0.35
HEALTHCARE_OUTPATIENT,ASHRAE_901_2007,2,NO_ECONOMIZER,0.171428571,0.085714286,True,True,2.102040816,2.959183673,1.260911637,0.35
HEALTHCARE_OUTPATIENT,ASHRAE_901_2007,3,DIFFERENTIAL_DRY_BULB,0.171428571,0.085714286,True,True,1.918367347,3.418367347,1.260911637,0.35
HEALTHCARE_OUTPATIENT,ASHRAE_901_2007,4,DIFFERENTIAL_DRY_BULB,0.171428571,0.085714286,True,True,1.734693878,3.87755102,1.260911637,0.35
HEALTHCARE_OUTPATIENT,ASHRAE_901_2007,5,DIFFERENTIAL_DRY_BULB,0.171428571,0.085714286,True,True,1.551020408,4.336734694,1.260911637,0.35
HEALTHCARE_OUTPATIENT,ASHRAE_901_2007,6,DIFFERENTIAL_DRY_BULB,0.171428571,0.085714286,True,True,1.367346939,4.795918367,1.260911637,0.35
HEALTHCARE_OUTPATIENT,ASHRAE_901_2007,7,DIFFERENTIAL_DRY_BULB,0.171428571,0.085714286,True,True,1.183673469,5.255102041,1.260911637,0.35
HEALTHCARE_OUTPATIENT,ASHRAE_901_2007,8,DIFFERENTIAL_DRY_BULB,0.171428571,0.085714286,True,True,1.0,5.714285714,1.260911637,0.35
HEALTHCARE_OUTPATIENT,ASHRAE_901_2010,1,NO_ECONOMIZER,0.228571429,0.114285714,True,True,2.714285714,2.5,1.245683728,0.35
HEALTHCARE_OUTPATIENT,ASHRAE_901_2010,2,NO_ECONOMIZER,0.228571429,0.114285714,True,True,2.469387755,3.112244898,1.245683728,0.35
HEALTHCARE_OUTPATIENT,ASHRAE_901_2010,3,DIFFERENTIAL_DRY_BULB,0.228571429,0.114285714,True,True,2.224489796,3.724489796,1.245683728,0.35
HEALTHCARE_OUTPATIENT,ASHRAE_901_2010,4,DIFFERENTIAL_DRY_BULB,0.228571429,0.114285714,True,True,1.979591837,4.336734694,1.245683728,0.35
HEALTHCARE_OUTPATIENT,ASHRAE_901_2010,5,DIFFERENTIAL_DRY_BULB,0.228571429,0.114285714,True,True,1.734693878,4.948979592,1.245683728,0.35
HEALTHCARE_OUTPATIENT,ASHRAE_901_2010,6,DIFFERENTIAL_DRY_BULB,0.228571429,0.114285714,True,True,1.489795918,5.56122449,1.245683728,0.35
HEALTHCARE_OUTPATIENT,ASHRAE_901_2010,7,DIFFERENTIAL_DRY_BULB,0.228571429,0.114285714,True,True,1.244897959,6.173469388,1.245683728,0.35
HEALTHCARE_OUTPATIENT,ASHRAE_901_2010,8,DIFFERENTIAL_DRY_BULB,0.228571429,0.114285714,True,True,1.0,6.785714286,1.245683728,0.35
HEALTHCARE_OUTPATIENT,ASHRAE_901_2013,1,NO_ECONOMIZER,0.285714286,0.142857143,True,True,3.142857143,2.5,1.230455819,0.35
HEALTHCARE_OUTPATIENT,ASHRAE_901_2013,2,NO_ECONOMIZER,0.285714286,0.142857143,True,True,2.836734694,3.265306122,1.230455819,0.35
HEALTHCARE_OUTPATIENT,ASHRAE_901_2013,3,DIFFERENTIAL_DRY_BULB,0.285714286,0.142857143,True,True,2.530612245,4.030612245,1.230455819,0.35
HEALTHCARE_OUTPATIENT,ASHRAE_901_2013,4,DIFFERENTIAL_DRY_BULB,0.285714286,0.142857143,True,True,2.224489796,4.795918367,1.230455819,0.35
HEALTHCARE_OUTPATIENT,ASHRAE_901_2013,5,DIFFERENTIAL_DRY_BULB,0.285714286,0.142857143,True,True,1.918367347,5.56122449,1.230455819,0.35
HEALTHCARE_OUTPATIENT,ASHRAE_901_2013,6,DIFFERENTIAL_DRY_BULB,0.285714286,0.142857143,True,True,1.612244898,6.326530612,1.230455819,0.35
HEALTHCARE_OUTPATIENT,ASHRAE_901_2013,7,DIFFERENTIAL_DRY_BULB,0.285714286,0.142857143,True,True,1.306122449,7.091836735,1.230455819,0.35
HEALTHCARE_OUTPATIENT,ASHRAE_901_2013,8,DIFFERENTIAL_DRY_BULB,0.285714286,0.142857143,True,True,1.0,7.857142857,1.230455819,0.35
HEALTHCARE_OUTPATIENT,ASHRAE_901_2016,1,NO_ECONOMIZER,0.342857143,0.171428571,True,True,3.571428571,2.5,1.215227909,0.35
HEALTHCARE_OUTPATIENT,ASHRAE_901_2016,2,NO_ECONOMIZER,0.342857143,0.171428571,True,True,3.204081633,3.418367347,1.215227909,0.35
HEALTHCARE_OUTPATIENT,ASHRAE_901_2016,3,DIFFERENTIAL_DRY_BULB,0.342857143,0.171428571,True,True,2.836734694,4.336734694,1.215227909,0.35
HEALTHCARE_OUTPATIENT,ASHRAE_901_2016,4,DIFFERENTIAL_DRY_BULB,0.342857143,0.171428571,True,True,2.469387755,5.255102041,1.215227909,0.35
HEALTHCARE_OUTPATIENT,ASHRAE_901_2016,5,DIFFERENTIAL_DRY_BULB,0.342857143,0.171428571,True,True,2.102040816,6.173469388,1.215227909,0.35
HEALTHCARE_OUTPATIENT,ASHRAE_901_2016,6,DIFFERENTIAL_DRY_BULB,0.342857143,0.171428571,True,True,1.734693878,7.091836735,1.215227909,0.35
HEALTHCARE_OUTPATIENT,ASHRAE_901_2016,7,DIFFERENTIAL_DRY_BULB,0.342857143,0.171428571,True,True,1.367346939,8.010204082,1.215227909,0.35
HEALTHCARE_OUTPATIENT,ASHRAE_901_2016,8,DIFFERENTIAL_DRY_BULB,0.342857143,0.171428571,True,True,1.0,8.928571429,1.215227909,0.35
HEALTHCARE_OUTPATIENT,ASHRAE_901_2019,1,NO_ECONOMIZER,0.4,0.2,True,True,4.0,2.5,1.2,0.35
HEALTHCARE_OUTPATIENT,ASHRAE_901_2019,2,NO_ECONOMIZER,0.4,0.2,True,True,3.571428571,3.571428571,1.2,0.35
HEALTHCARE_OUTPATIENT,ASHRAE_901_2019,3,DIFFERENTIAL_DRY_BULB,0.4,0.2,True,True,3.142857143,4.642857143,1.2,0.35
HEALTHCARE_OUTPATIENT,ASHRAE_901_2019,4,DIFFERENTIAL_DRY_BULB,0.4,0.2,True,True,2.714285714,5.714285714,1.2,0.35
HEALTHCARE_OUTPATIENT,ASHRAE_901_2019,5,DIFFERENTIAL_DRY_BULB,0.4,0.2,True,True,2.285714286,6.785714286,1.2,0.35
HEALTHCARE_OUTPATIENT,ASHRAE_901_2019,6,DIFFERENTIAL_DRY_BULB,0.4,0.2,True,True,1.857142857,7.857142857,1.2,0.35
HEALTHCARE_OUTPATIENT,ASHRAE_901_2019,7,DIFFERENTIAL_DRY_BULB,0.4,0.2,True,True,1.428571429,8.928571429,1.2,0.35
HEALTHCARE_OUTPATIENT,ASHRAE_901_2019,8,DIFFERENTIAL_DRY_BULB,0.4,0.2,True,True,1.0,10.0,1.2,0.35
HEALTHCARE_OUTPATIENT,CBECS_1980_2004,1,NO_ECONOMIZER,0.057142857,0.028571429,False,False,1.428571429,2.5,1.291367456,0.35
HEALTHCARE_OUTPATIENT,CBECS_1980_2004,2,NO_ECONOMIZER,0.057142857,0.028571429,False,False,1.367346939,2.653061224,1.291367456,0.35
HEALTHCARE_OUTPATIENT,CBECS_1980_2004,3,NO_ECONOMIZER,0.057142857,0.028571429,False,False,1.306122449,2.806122449,1.291367456,0.35
HEALTHCARE_OUTPATIENT,CBECS_1980_2004,4,NO_ECONOMIZER,0.057142857,0.028571429,False,False,1.244897959,2.959183673,1.291367456,0.35
HEALTHCARE_OUTPATIENT,CBECS_1980_2004,5,NO_ECONOMIZER,0.057142857,0.028571429,False,False,1.183673469,3.112244898,1.291367456,0.35
HEALTHCARE_OUTPATIENT,CBECS_1980_2004,6,NO_ECONOMIZER,0.057142857,0.028571429,False,False,1.12244898,3.265306122,1.291367456,0.35
HEALTHCARE_OUTPATIENT,CBECS_1980_2004,7,NO_ECONOMIZER,0.057142857,0.028571429,False,False,1.06122449,3.418367347,1.291367456,0.35
HEALTHCARE_OUTPATIENT,CBECS_1980_2004,8,NO_ECONOMIZER,0.057142857,0.028571429,False,False,1.0,3.571428571,1.291367456,0.35
HEALTHCARE_OUTPATIENT,CBECS_PRE_1980,1,NO_ECONOMIZER,0.0,0.0,False,False,1.0,2.5,1.306595365,0.35
HEALTHCARE_OUTPATIENT,CBECS_PRE_1980,2,NO_ECONOMIZER,0.0,0.0,False,False,1.0,2.5,1.306595365,0.35
HEALTHCARE_OUTPATIENT,CBECS_PRE_1980,3,NO_ECONOMIZER,0.0,0.0,False,False,1.0,2.5,1.306595365,0.35
HEALTHCARE_OUTPATIENT,CBECS_PRE_1980,4,NO_ECONOMIZER,0.0,0.0,False,False,1.0,2.5,1.306595365,0.35
HEALTHCARE_OUTPATIENT,CBECS_PRE_1980,5,NO_ECONOMIZER,0.0,0.0,False,False,1.0,2.5,1.306595365,0.35
HEALTHCARE_OUTPATIENT,CBECS_PRE_1980,6,NO_ECONOMIZER,0.0,0.0,False,False,1.0,2.5,1.306595365,0.35
HEALTHCARE_OUTPATIENT,CBECS_PRE_1980,7,NO_ECONOMIZER,0.0,0.0,False,False,1.0,2.5,1.306595365,0.35
HEALTHCARE_OUTPATIENT,CBECS_PRE_1980,8,NO_ECONOMIZER,0.0,0.0,False,False,1.0,2.5,1.306595365,0.35
INDUSTRY_LIGHT,ASHRAE_901_2004,1,NO_ECONOMIZER,0.114285714,0.057142857,False,False,1.857142857,2.5,1.22855233,0.35
INDUSTRY_LIGHT,ASHRAE_901_2004,2,NO_ECONOMIZER,0.114285714,0.057142857,False,False,1.734693878,2.806122449,1.22855233,0.35
INDUSTRY_LIGHT,ASHRAE_901_2004,3,DIFFERENTIAL_DRY_BULB,0.114285714,0.057142857,False,False,1.612244898,3.112244898,1.22855233,0.35
INDUSTRY_LIGHT,ASHRAE_901_2004,4,DIFFERENTIAL_DRY_BULB,0.114285714,0.057142857,False,False,1.489795918,3.418367347,1.22855233,0.35
INDUSTRY_LIGHT,ASHRAE_901_2004,5,DIFFERENTIAL_DRY_BULB,0.114285714,0.057142857,False,False,1.367346939,3.724489796,1.22855233,0.35
INDUSTRY_LIGHT,ASHRAE_901_2004,6,DIFFERENTIAL_DRY_BULB,0.114285714,0.057142857,False,False,1.244897959,4.030612245,1.22855233,0.35
INDUSTRY_LIGHT,ASHRAE_901_2004,7,DIFFERENTIAL_DRY_BULB,0.114285714,0.057142857,False,False,1.12244898,4.336734694,1.22855233,0.35
INDUSTRY_LIGHT,ASHRAE_901_2004,8,DIFFERENTIAL_DRY_BULB,0.114285714,0.057142857,False,False,1.0,4.642857143,1.22855233,0.35
INDUSTRY_LIGHT,ASHRAE_901_2007,1,NO_ECONOMIZER,0.171428571,0.085714286,False,False,2.285714286,2.5,1.222841864,0.35
INDUSTRY_LIGHT,ASHRAE_901_2007,2,NO_ECONOMIZER,0.171428571,0.085714286,False,False,2.102040816,2.959183673,1.222841864,0.35
INDUSTRY_LIGHT,ASHRAE_901_2007,3,DIFFERENTIAL_DRY_BULB,0.171428571,0.085714286,False,False,1.918367347,3.418367347,1.222841864,0.35
INDUSTRY_LIGHT,ASHRAE_901_2007,4,DIFFERENTIAL_DRY_BULB,0.171428571,0.085714286,False,False,1.734693878,3.87755102,1.222841864,0.35
INDUSTRY_LIGHT,ASHRAE_901_2007,5,DIFFERENTIAL_DRY_BULB,0.171428571,0.085714286,False,False,1.551020408,4.336734694,1.222841864,0.35
INDUSTRY_LIGHT,ASHRAE_901_2007,6,DIFFERENTIAL_DRY_BULB,0.171428571,0.085714286,False,False,1.367346939,4.795918367,1.222841864,0.35
INDUSTRY_LIGHT,ASHRAE_901_2007,7,DIFFERENTIAL_DRY_BULB,0.171428571,0.085714286,False,False,1.183673469,5.255102041,1.222841864,0.35
INDUSTRY_LIGHT,ASHRAE_901_2007,8,DIFFERENTIAL_DRY_BULB,0.171428571,0.085714286,False,False,1.0,5.714285714,1.222841864,0.35
INDUSTRY_LIGHT,ASHRAE_901_2010,1,NO_ECONOMIZER,0.228571429,0.114285714,False,False,2.714285714,2.5,1.217131398,0.35
INDUSTRY_LIGHT,ASHRAE_901_2010,2,NO_ECONOMIZER,0.228571429,0.114285714,False,False,2.469387755,3.112244898,1.217131398,0.35
INDUSTRY_LIGHT,ASHRAE_901_2010,3,DIFFERENTIAL_DRY_BULB,0.228571429,0.114285714,False,False,2.224489796,3.724489796,1.217131398,0.35
INDUSTRY_LIGHT,ASHRAE_901_2010,4,DIFFERENTIAL_DRY_BULB,0.228571429,0.114285714,False,False,1.979591837,4.336734694,1.217131398,0.35
INDUSTRY_LIGHT,ASHRAE_901_2010,5,DIFFERENTIAL_DRY_BULB,0.228571429,0.114285714,False,False,1.734693878,4.948979592,1.217131398,0.35
INDUSTRY_LIGHT,ASHRAE_901_2010,6,DIFFERENTIAL_DRY_BULB,0.228571429,0.114285714,False,False,1.489795918,5.56122449,1.217131398,0.35
INDUSTRY_LIGHT,ASHRAE_901_2010,7,DIFFERENTIAL_DRY_BULB,0.228571429,0.114285714,False,False,1.244897959,6.173469388,1.217131398,0.35
INDUSTRY_LIGHT,ASHRAE_901_2010,8,DIFFERENTIAL_DRY_BULB,0.228571429,0.114285714,False,False,1.0,6.785714286,1.217131398,0.35
INDUSTRY_LIGHT,ASHRAE_901_2013,1,NO_ECONOMIZER,0.285714286,0.142857143,False,False,3.142857143,2.5,1.211420932,0.35
INDUSTRY_LIGHT,ASHRAE_901_2013,2,NO_ECONOMIZER,0.285714286,0.142857143,False,False,2.836734694,3.265306122,1.211420932,0.35
INDUSTRY_LIGHT,ASHRAE_901_2013,3,DIFFERENTIAL_DRY_BULB,0.285714286,0.142857143,False,False,2.530612245,4.030612245,1.211420932,0.35
INDUSTRY_LIGHT,ASHRAE_901_2013,4,DIFFERENTIAL_DRY_BULB,0.285714286,0.142857143,False,False,2.224489796,4.795918367,1.211420932,0.35
INDUSTRY_LIGHT,ASHRAE_901_2013,5,DIFFERENTIAL_DRY_BULB,0.285714286,0.142857143,False,False,1.918367347,5.56122449,1.211420932,0.35
INDUSTRY_LIGHT,ASHRAE_901_2013,6,DIFFERENTIAL_DRY_BULB,0.285714286,0.142857143,False,False,1.612244898,6.326530612,1.211420932,0.35
INDUSTRY_LIGHT,ASHRAE_901_2013,7,DIFFERENTIAL_DRY_BULB,0.285714286,0.142857143,False,False,1.306122449,7.091836735,1.211420932,0.35
INDUSTRY_LIGHT,ASHRAE_901_2013,8,DIFFERENTIAL_DRY_BULB,0.285714286,0.142857143,False,False,1.0,7.857142857,1.211420932,0.35
INDUSTRY_LIGHT,ASHRAE_901_2016,1,NO_ECONOMIZER,0.342857143,0.171428571,False,False,3.571428571,2.5,1.205710466,0.35
INDUSTRY_LIGHT,ASHRAE_901_2016,2,NO_ECONOMIZER,0.342857143,0.171428571,False,False,3.204081633,3.418367347,1.205710466,0.35
INDUSTRY_LIGHT,ASHRAE_901_2016,3,DIFFERENTIAL_DRY_BULB,0.342857143,0.171428571,False,False,2.836734694,4.336734694,1.205710466,0.35
INDUSTRY_LIGHT,ASHRAE_901_2016,4,DIFFERENTIAL_DRY_BULB,0.342857143,0.171428571,False,False,2.469387755,5.255102041,1.205710466,0.35
INDUSTRY_LIGHT,ASHRAE_901_2016,5,DIFFERENTIAL_DRY_BULB,0.342857143,0.171428571,False,False,2.102040816,6.173469388,1.205710466,0.35
INDUSTRY_LIGHT,ASHRAE_901_2016,6,DIFFERENTIAL_DRY_BULB,0.342857143,0.171428571,False,False,1.734693878,7.091836735,1.205710466,0.35
INDUSTRY_LIGHT,ASHRAE_901_2016,7,DIFFERENTIAL_DRY_BULB,0.342857143,0.171428571,False,False,1.367346939,8.010204082,1.205710466,0.35
INDUSTRY_LIGHT,ASHRAE_901_2016,8,DIFFERENTIAL_DRY_BULB,0.342857143,0.171428571,False,False,1.0,8.928571429,1.205710466,0.35
INDUSTRY_LIGHT,ASHRAE_901_2019,1,NO_ECONOMIZER,0.4,0.2,False,False,4.0,2.5,1.2,0.35
INDUSTRY_LIGHT,ASHRAE_901_2019,2,NO_ECONOMIZER,0.4,0.2,False,False,3.571428571,3.571428571,1.2,0.35
INDUSTRY_LIGHT,ASHRAE_901_2019,3,DIFFERENTIAL_DRY_BULB,0.4,0.2,False,False,3.142857143,4.642857143,1.2,0.35
INDUSTRY_LIGHT,ASHRAE_901_2019,4,DIFFERENTIAL_DRY_BULB,0.4,0.2,False,False,2.714285714,5.714285714,1.2,0.35
INDUSTRY_LIGHT,ASHRAE_901_2019,5,DIFFERENTIAL_DRY_BULB,0.4,0.2,False,False,2.285714286,6.785714286,1.2,0.35
INDUSTRY_LIGHT,ASHRAE_901_2019,6,DIFFERENTIAL_DRY_BULB,0.4,0.2,False,False,1.857142857,7.857142857,1.2,0.35
INDUSTRY_LIGHT,ASHRAE_901_2019,7,DIFFERENTIAL_DRY_BULB,0.4,0.2,False,False,1.428571429,8.928571429,1.2,0.35
INDUSTRY_LIGHT,ASHRAE_901_2019,8,DIFFERENTIAL_DRY_BULB,0.4,0.2,False,False,1.0,10.0,1.2,0.35
INDUSTRY_LIGHT,CBECS_1980_2004,1,NO_ECONOMIZER,0.057142857,0.028571429,False,False,1.428571429,2.5,1.234262796,0.35
INDUSTRY_LIGHT,CBECS_1980_2004,2,NO_ECONOMIZER,0.057142857,0.028571429,False,False,1.367346939,2.653061224,1.234262796,0.35
INDUSTRY_LIGHT,CBECS_1980_2004,3,NO_ECONOMIZER,0.057142857,0.028571429,False,False,1.306122449,2.806122449,1.234262796,0.35
INDUSTRY_LIGHT,CBECS_1980_2004,4,NO_ECONOMIZER,0.057142857,0.028571429,False,False,1.244897959,2.959183673,1.234262796,0.35
INDUSTRY_LIGHT,CBECS_1980_2004,5,NO_ECONOMIZER,0.057142857,0.028571429,False,False,1.183673469,3.112244898,1.234262796,0.35
INDUSTRY_LIGHT,CBECS_1980_2004,6,NO_ECONOMIZER,0.057142857,0.028571429,False,False,1.12244898,3.265306122,1.234262796,0.35
INDUSTRY_LIGHT,CBECS_1980_2004,7,NO_ECONOMIZER,0.057142857,0.028571429,False,False,1.06122449,3.418367347,1.234262796,0.35
INDUSTRY_LIGHT,CBECS_1980_2004,8,NO_ECONOMIZER,0.057142857,0.028571429,False,False,1.0,3.571428571,1.234262796,0.35
INDUSTRY_LIGHT,CBECS_PRE_1980,1,NO_ECONOMIZER,0.0,0.0,False,False,1.0,2.5,1.239973262,0.35
INDUSTRY_LIGHT,CBECS_PRE_1980,2,NO_ECONOMIZER,0.0,0.0,False,False,1.0,2.5,1.239973262,0.35
INDUSTRY_LIGHT,CBECS_PRE_1980,3,NO_ECONOMIZER,0.0,0.0,False,False,1.0,2.5,1.239973262,0.35
INDUSTRY_LIGHT,CBECS_PRE_1980,4,NO_ECONOMIZER,0.0,0.0,False,False,1.0,2.5,1.239973262,0.35
INDUSTRY_LIGHT,CBECS_PRE_1980,5,NO_ECONOMIZER,0.0,0.0,False,False,1.0,2.5,1.239973262,0.35
INDUSTRY_LIGHT,CBECS_PRE_1980,6,NO_ECONOMIZER,0.0,0.0,False,False,1.0,2.5,1.239973262,0.35
INDUSTRY_LIGHT,CBECS_PRE_1980,7,NO_ECONOMIZER,0.0,0.0,False,False,1.0,2.5,1.239973262,0.35
INDUSTRY_LIGHT,CBECS_PRE_1980,8,NO_ECONOMIZER,0.0,0.0,False,False,1.0,2.5,1.239973262,0.35
INDUSTRY_WAREHOUSE,ASHRAE_901_2004,1,NO_ECONOMIZER,0.114285714,0.057142857,False,False,1.857142857,2.5,1.296829641,0.35
INDUSTRY_WAREHOUSE,ASHRAE_901_2004,2,NO_ECONOMIZER,0.114285714,0.057142857,False,False,1.734693878,2.806122449,1.296829641,0.35
INDUSTRY_WAREHOUSE,ASHRAE_901_2004,3,DIFFERENTIAL_DRY_BULB,0.114285714,0.057142857,False,False,1.612244898,3.112244898,1.296829641,0.35
INDUSTRY_WAREHOUSE,ASHRAE_901_2004,4,DIFFERENTIAL_DRY_BULB,0.114285714,0.057142857,False,False,1.489795918,3.418367347,1.296829641,0.35
INDUSTRY_WAREHOUSE,ASHRAE_901_2004,5,DIFFERENTIAL_DRY_BULB,0.114285714,0.057142857,False,False,1.367346939,3.724489796,1.296829641,0.35
INDUSTRY_WAREHOUSE,ASHRAE_901_2004,6,DIFFERENTIAL_DRY_BULB,0.114285714,0.057142857,False,False,1.244897959,4.030612245,1.296829641,0.35
INDUSTRY_WAREHOUSE,ASHRAE_901_2004,7,DIFFERENTIAL_DRY_BULB,0.114285714,0.057142857,False,False,1.12244898,4.336734694,1.296829641,0.35
INDUSTRY_WAREHOUSE,ASHRAE_901_2004,8,DIFFERENTIAL_DRY_BULB,0.114285714,0.057142857,False,False,1.0,4.642857143,1.296829641,0.35
INDUSTRY_WAREHOUSE,ASHRAE_901_2007,1,NO_ECONOMIZER,0.171428571,0.085714286,False,False,2.285714286,2.5,1.277463713,0.35
INDUSTRY_WAREHOUSE,ASHRAE_901_2007,2,NO_ECONOMIZER,0.171428571,0.085714286,False,False,2.102040816,2.959183673,1.277463713,0.35
INDUSTRY_WAREHOUSE,ASHRAE_901_2007,3,DIFFERENTIAL_DRY_BULB,0.171428571,0.085714286,False,False,1.918367347,3.418367347,1.277463713,0.35
INDUSTRY_WAREHOUSE,ASHRAE_901_2007,4,DIFFERENTIAL_DRY_BULB,0.171428571,0.085714286,False,False,1.734693878,3.87755102,1.277463713,0.35
INDUSTRY_WAREHOUSE,ASHRAE_901_2007,5,DIFFERENTIAL_DRY_BULB,0.171428571,0.085714286,False,False,1.551020408,4.336734694,1.277463713,0.35
INDUSTRY_WAREHOUSE,ASHRAE_901_2007,6,DIFFERENTIAL_DRY_BULB,0.171428571,0.085714286,False,False,1.367346939,4.795918367,1.277463713,0.35
INDUSTRY_WAREHOUSE,ASHRAE_901_2007,7,DIFFERENTIAL_DRY_BULB,0.171428571,0.085714286,False,False,1.183673469,5.255102041,1.277463713,0.35
INDUSTRY_WAREHOUSE,ASHRAE_901_2007,8,DIFFERENTIAL_DRY_BULB,0.171428571,0.085714286,False,False,1.0,5.714285714,1.277463713,0.35
INDUSTRY_WAREHOUSE,ASHRAE_901_2010,1,NO_ECONOMIZER,0.228571429,0.114285714,False,False,2.714285714,2.5,1.258097785,0.35
INDUSTRY_WAREHOUSE,ASHRAE_901_2010,2,NO_ECONOMIZER,0.228571429,0.114285714,False,False,2.469387755,3.112244898,1.258097785,0.35
INDUSTRY_WAREHOUSE,ASHRAE_901_2010,3,DIFFERENTIAL_DRY_BULB,0.228571429,0.114285714,False,False,2.224489796,3.724489796,1.258097785,0.35
INDUSTRY_WAREHOUSE,ASHRAE_901_2010,4,DIFFERENTIAL_DRY_BULB,0.228571429,0.114285714,False,False,1.979591837,4.336734694,1.258097785,0.35
INDUSTRY_WAREHOUSE,ASHRAE_901_2010,5,DIFFERENTIAL_DRY_BULB,0.228571429,0.114285714,False,False,1.734693878,4.948979592,1.258097785,0.35
INDUSTRY_WAREHOUSE,ASHRAE_901_2010,6,DIFFERENTIAL_DRY_BULB,0.228571429,0.114285714,False,False,1.489795918,5.56122449,1.258097785,0.35
INDUSTRY_WAREHOUSE,ASHRAE_901_2010,7,DIFFERENTIAL_DRY_BULB,0.228571429,0.114285714,False,False,1.244897959,6.173469388,1.258097785,0.35
INDUSTRY_WAREHOUSE,ASHRAE_901_2010,8,DIFFERENTIAL_DRY_BULB,0.228571429,0.114285714,False,False,1.0,6.785714286,1.258097785,0.35
INDUSTRY_WAREHOUSE,ASHRAE_901_2013,1,NO_ECONOMIZER,0.285714286,0.142857143,False,False,3.142857143,2.5,1.238731856,0.35
INDUSTRY_WAREHOUSE,ASHRAE_901_2013,2,NO_ECONOMIZER,0.285714286,0.142857143,False,False,2.836734694,3.265306122,1.238731856,0.35
INDUSTRY_WAREHOUSE,ASHRAE_901_2013,3,DIFFERENTIAL_DRY_BULB,0.285714286,0.142857143,False,False,2.530612245,4.030612245,1.238731856,0.35
INDUSTRY_WAREHOUSE,ASHRAE_901_2013,4,DIFFERENTIAL_DRY_BULB,0.285714286,0.142857143,False,False,2.224489796,4.795918367,1.238731856,0.35
INDUSTRY_WAREHOUSE,ASHRAE_901_2013,5,DIFFERENTIAL_DRY_BULB,0.285714286,0.142857143,False,False,1.918367347,5.56122449,1.238731856,0.35
INDUSTRY_WAREHOUSE,ASHRAE_901_2013,6,DIFFERENTIAL_DRY_BULB,0.285714286,0.142857143,False,False,1.612244898,6.326530612,1.238731856,0.35
INDUSTRY_WAREHOUSE,ASHRAE_901_2013,7,DIFFERENTIAL_DRY_BULB,0.285714286,0.142857143,False,False,1.306122449,7.091836735,1.238731856,0.35
INDUSTRY_WAREHOUSE,ASHRAE_901_2013,8,DIFFERENTIAL_DRY_BULB,0.285714286,0.142857143,False,False,1.0,7.857142857,1.238731856,0.35
INDUSTRY_WAREHOUSE,ASHRAE_901_2016,1,NO_ECONOMIZER,0.342857143,0.171428571,False,False,3.571428571,2.5,1.219365928,0.35
INDUSTRY_WAREHOUSE,ASHRAE_901_2016,2,NO_ECONOMIZER,0.342857143,0.171428571,False,False,3.204081633,3.418367347,1.219365928,0.35
INDUSTRY_WAREHOUSE,ASHRAE_901_2016,3,DIFFERENTIAL_DRY_BULB,0.342857143,0.171428571,False,False,2.836734694,4.336734694,1.219365928,0.35
INDUSTRY_WAREHOUSE,ASHRAE_901_2016,4,DIFFERENTIAL_DRY_BULB,0.342857143,0.171428571,False,False,2.469387755,5.255102041,1.219365928,0.35
INDUSTRY_WAREHOUSE,ASHRAE_901_2016,5,DIFFERENTIAL_DRY_BULB,0.342857143,0.171428571,False,False,2.102040816,6.173469388,1.219365928,0.35
INDUSTRY_WAREHOUSE,ASHRAE_901_2016,6,DIFFERENTIAL_DRY_BULB,0.342857143,0.171428571,False,False,1.734693878,7.091836735,1.219365928,0.35
INDUSTRY_WAREHOUSE,ASHRAE_901_2016,7,DIFFERENTIAL_DRY_BULB,0.342857143,0.171428571,False,False,1.367346939,8.010204082,1.219365928,0.35
INDUSTRY_WAREHOUSE,ASHRAE_901_2016,8,DIFFERENTIAL_DRY_BULB,0.342857143,0.171428571,False,False,1.0,8.928571429,1.219365928,0.35
INDUSTRY_WAREHOUSE,ASHRAE_901_2019,1,NO_ECONOMIZER,0.4,0.2,False,False,4.0,2.5,1.2,0.35
INDUSTRY_WAREHOUSE,ASHRAE_901_2019,2,NO_ECONOMIZER,0.4,0.2,False,False,3.571428571,3.571428571,1.2,0.35
INDUSTRY_WAREHOUSE,ASHRAE_901_2019,3,DIFFERENTIAL_DRY_BULB,0.4,0.2,False,False,3.142857143,4.642857143,1.2,0.35
INDUSTRY_WAREHOUSE,ASHRAE_901_2019,4,DIFFERENTIAL_DRY_BULB,0.4,0.2,False,False,2.714285714,5.714285714,1.2,0.35
INDUSTRY_WAREHOUSE,ASHRAE_901_2019,5,DIFFERENTIAL_DRY_BULB,0.4,0.2,False,False,2.285714286,6.785714286,1.2,0.35
INDUSTRY_WAREHOUSE,ASHRAE_901_2019,6,DIFFERENTIAL_DRY_BULB,0.4,0.2,False,False,1.857142857,7.857142857,1.2,0.35
INDUSTRY_WAREHOUSE,ASHRAE_901_2019,7,DIFFERENTIAL_DRY_BULB,0.4,0.2,False,False,1.428571429,8.928571429,1.2,0.35
INDUSTRY_WAREHOUSE,ASHRAE_901_2019,8,DIFFERENTIAL_DRY_BULB,0.4,0.2,False,False,1.0,10.0,1.2,0.35
INDUSTRY_WAREHOUSE,CBECS_1980_2004,1,NO_ECONOMIZER,0.057142857,0.028571429,False,False,1.428571429,2.5,1.316195569,0.35
INDUSTRY_WAREHOUSE,CBECS_1980_2004,2,NO_ECONOMIZER,0.057142857,0.028571429,False,False,1.367346939,2.653061224,1.316195569,0.35
INDUSTRY_WAREHOUSE,CBECS_1980_2004,3,NO_ECONOMIZER,0.057142857,0.028571429,False,False,1.306122449,2.806122449,1.316195569,0.35
INDUSTRY_WAREHOUSE,CBECS_1980_2004,4,NO_ECONOMIZER,0.057142857,0.028571429,False,False,1.244897959,2.959183673,1.316195569,0.35
INDUSTRY_WAREHOUSE,CBECS_1980_2004,5,NO_ECONOMIZER,0.057142857,0.028571429,False,False,1.183673469,3.112244898,1.316195569,0.35
INDUSTRY_WAREHOUSE,CBECS_1980_2004,6,NO_ECONOMIZER,0.057142857,0.028571429,False,False,1.12244898,3.265306122,1.316195569,0.35
INDUSTRY_WAREHOUSE,CBECS_1980_2004,7,NO_ECONOMIZER,0.057142857,0.028571429,False,False,1.06122449,3.418367347,1.316195569,0.35
INDUSTRY_WAREHOUSE,CBECS_1980_2004,8,NO_ECONOMIZER,0.057142857,0.028571429,False,False,1.0,3.571428571,1.316195569,0.35
INDUSTRY_WAREHOUSE,CBECS_PRE_1980,1,NO_ECONOMIZER,0.0,0.0,False,False,1.0,2.5,1.335561497,0.35
INDUSTRY_WAREHOUSE,CBECS_PRE_1980,2,NO_ECONOMIZER,0.0,0.0,False,False,1.0,2.5,1.335561497,0.35
INDUSTRY_WAREHOUSE,CBECS_PRE_1980,3,NO_ECONOMIZER,0.0,0.0,False,False,1.0,2.5,1.335561497,0.35
INDUSTRY_WAREHOUSE,CBECS_PRE_1980,4,NO_ECONOMIZER,0.0,0.0,False,False,1.0,2.5,1.335561497,0.35
INDUSTRY_WAREHOUSE,CBECS_PRE_1980,5,NO_ECONOMIZER,0.0,0.0,False,False,1.0,2.5,1.335561497,0.35
INDUSTRY_WAREHOUSE,CBECS_PRE_1980,6,NO_ECONOMIZER,0.0,0.0,False,False,1.0,2.5,1.335561497,0.35
INDUSTRY_WAREHOUSE,CBECS_PRE_1980,7,NO_ECONOMIZER,0.0,0.0,False,False,1.0,2.5,1.335561497,0.35
INDUSTRY_WAREHOUSE,CBECS_PRE_1980,8,NO_ECONOMIZER,0.0,0.0,False,False,1.0,2.5,1.335561497,0.35
LABORATORY,ASHRAE_901_2004,1,NO_ECONOMIZER,0.114285714,0.057142857,False,False,1.857142857,2.5,1.218207283,0.35
LABORATORY,ASHRAE_901_2004,2,NO_ECONOMIZER,0.114285714,0.057142857,False,False,1.734693878,2.806122449,1.218207283,0.35
LABORATORY,ASHRAE_901_2004,3,DIFFERENTIAL_DRY_BULB,0.114285714,0.057142857,False,False,1.612244898,3.112244898,1.218207283,0.35
LABORATORY,ASHRAE_901_2004,4,DIFFERENTIAL_DRY_BULB,0.114285714,0.057142857,False,False,1.489795918,3.418367347,1.218207283,0.35
LABORATORY,ASHRAE_901_2004,5,DIFFERENTIAL_DRY_BULB,0.114285714,0.057142857,False,False,1.367346939,3.724489796,1.218207283,0.35
LABORATORY,ASHRAE_901_2004,6,DIFFERENTIAL_DRY_BULB,0.114285714,0.057142857,False,False,1.244897959,4.030612245,1.218207283,0.35
LABORATORY,ASHRAE_901_2004,7,DIFFERENTIAL_DRY_BULB,0.114285714,0.057142857,False,False,1.12244898,4.336734694,1.218207283,0.35
LABORATORY,ASHRAE_901_2004,8,DIFFERENTIAL_DRY_BULB,0.114285714,0.057142857,False,False,1.0,4.642857143,1.218207283,0.35
LABORATORY,ASHRAE_901_2007,1,NO_ECONOMIZER,0.171428571,0.085714286,False,False,2.285714286,2.5,1.214565826,0.35
LABORATORY,ASHRAE_901_2007,2,NO_ECONOMIZER,0.171428571,0.085714286,False,False,2.102040816,2.959183673,1.214565826,0.35
LABORATORY,ASHRAE_901_2007,3,DIFFERENTIAL_DRY_BULB,0.171428571,0.085714286,False,False,1.918367347,3.418367347,1.214565826,0.35
LABORATORY,ASHRAE_901_2007,4,DIFFERENTIAL_DRY_BULB,0.171428571,0.085714286,False,False,1.734693878,3.87755102,1.214565826,0.35
LABORATORY,ASHRAE_901_2007,5,DIFFERENTIAL_DRY_BULB,0.171428571,0.085714286,False,False,1.551020408,4.336734694,1.214565826,0.35
LABORATORY,ASHRAE_901_2007,6,DIFFERENTIAL_DRY_BULB,0.171428571,0.085714286,False,False,1.367346939,4.795918367,1.214565826,0.35
LABORATORY,ASHRAE_901_2007,7,DIFFERENTIAL_DRY_BULB,0.171428571,0.085714286,False,False,1.183673469,5.255102041,1.214565826,0.35
LABORATORY,ASHRAE_901_2007,8,DIFFERENTIAL_DRY_BULB,0.171428571,0.085714286,False,False,1.0,5.714285714,1.214565826,0.35
LABORATORY,ASHRAE_901_2010,1,NO_ECONOMIZER,0.228571429,0.114285714,False,False,2.714285714,2.5,1.21092437,0.35
LABORATORY,ASHRAE_901_2010,2,NO_ECONOMIZER,0.228571429,0.114285714,False,False,2.469387755,3.112244898,1.21092437,0.35
LABORATORY,ASHRAE_901_2010,3,DIFFERENTIAL_DRY_BULB,0.228571429,0.114285714,False,False,2.224489796,3.724489796,1.21092437,0.35
LABORATORY,ASHRAE_901_2010,4,DIFFERENTIAL_DRY_BULB,0.228571429,0.114285714,False,False,1.979591837,4.336734694,1.21092437,0.35
LABORATORY,ASHRAE_901_2010,5,DIFFERENTIAL_DRY_BULB,0.228571429,0.114285714,False,False,1.734693878,4.948979592,1.21092437,0.35
LABORATORY,ASHRAE_901_2010,6,DIFFERENTIAL_DRY_BULB,0.228571429,0.114285714,False,False,1.489795918,5.56122449,1.21092437,0.35
LABORATORY,ASHRAE_901_2010,7,DIFFERENTIAL_DRY_BULB,0.228571429,0.114285714,False,False,1.244897959,6.173469388,1.21092437,0.35
LABORATORY,ASHRAE_901_2010,8,DIFFERENTIAL_DRY_BULB,0.228571429,0.114285714,False,False,1.0,6.785714286,1.21092437,0.35
LABORATORY,ASHRAE_901_2013,1,NO_ECONOMIZER,0.285714286,0.142857143,False,False,3.142857143,2.5,1.207282913,0.35
LABORATORY,ASHRAE_901_2013,2,NO_ECONOMIZER,0.285714286,0.142857143,False,False,2.836734694,3.265306122,1.207282913,0.35
LABORATORY,ASHRAE_901_2013,3,DIFFERENTIAL_DRY_BULB,0.285714286,0.142857143,False,False,2.530612245,4.030612245,1.207282913,0.35
LABORATORY,ASHRAE_901_2013,4,DIFFERENTIAL_DRY_BULB,0.285714286,0.142857143,False,False,2.224489796,4.795918367,1.207282913,0.35
LABORATORY,ASHRAE_901_2013,5,DIFFERENTIAL_DRY_BULB,0.285714286,0.142857143,False,False,1.918367347,5.56122449,1.207282913,0.35
LABORATORY,ASHRAE_901_2013,6,DIFFERENTIAL_DRY_BULB,0.285714286,0.142857143,False,False,1.612244898,6.326530612,1.207282913,0.35
LABORATORY,ASHRAE_901_2013,7,DIFFERENTIAL_DRY_BULB,0.285714286,0.142857143,False,False,1.306122449,7.091836735,1.207282913,0.35
LABORATORY,ASHRAE_901_2013,8,DIFFERENTIAL_DRY_BULB,0.285714286,0.142857143,False,False,1.0,7.857142857,1.207282913,0.35
LABORATORY,ASHRAE_901_2016,1,NO_ECONOMIZER,0.342857143,0.171428571,False,False,3.571428571,2.5,1.203641457,0.35
LABORATORY,ASHRAE_901_2016,2,NO_ECONOMIZER,0.342857143,0.171428571,False,False,3.204081633,3.418367347,1.203641457,0.35
LABORATORY,ASHRAE_901_2016,3,DIFFERENTIAL_DRY_BULB,0.342857143,0.171428571,False,False,2.836734694,4.336734694,1.203641457,0.35
LABORATORY,ASHRAE_901_2016,4,DIFFERENTIAL_DRY_BULB,0.342857143,0.171428571,False,False,2.469387755,5.255102041,1.203641457,0.35
LABORATORY,ASHRAE_901_2016,5,DIFFERENTIAL_DRY_BULB,0.342857143,0.171428571,False,False,2.102040816,6.173469388,1.203641457,0.35
LABORATORY,ASHRAE_901_2016,6,DIFFERENTIAL_DRY_BULB,0.342857143,0.171428571,False,False,1.734693878,7.091836735,1.203641457,0.35
LABORATORY,ASHRAE_901_2016,7,DIFFERENTIAL_DRY_BULB,0.342857143,0.171428571,False,False,1.367346939,8.010204082,1.203641457,0.35
LABORATORY,ASHRAE_901_2016,8,DIFFERENTIAL_DRY_BULB,0.342857143,0.171428571,False,False,1.0,8.928571429,1.203641457,0.35
LABORATORY,ASHRAE_901_2019,1,NO_ECONOMIZER,0.4,0.2,False,False,4.0,2.5,1.2,0.35
LABORATORY,ASHRAE_901_2019,2,NO_ECONOMIZER,0.4,0.2,False,False,3.571428571,3.571428571,1.2,0.35
LABORATORY,ASHRAE_901_2019,3,DIFFERENTIAL_DRY_BULB,0.4,0.2,False,False,3.142857143,4.642857143,1.2,0.35
LABORATORY,ASHRAE_901_2019,4,DIFFERENTIAL_DRY_BULB,0.4,0.2,False,False,2.714285714,5.714285714,1.2,0.35
LABORATORY,ASHRAE_901_2019,5,DIFFERENTIAL_DRY_BULB,0.4,0.2,False,False,2.285714286,6.785714286,1.2,0.35
LABORATORY,ASHRAE_901_2019,6,DIFFERENTIAL_DRY_BULB,0.4,0.2,False,False,1.857142857,7.857142857,1.2,0.35
LABORATORY,ASHRAE_901_2019,7,DIFFERENTIAL_DRY_BULB,0.4,0.2,False,False,1.428571429,8.928571429,1.2,0.35
LABORATORY,ASHRAE_901_2019,8,DIFFERENTIAL_DRY_BULB,0.4,0.2,False,False,1.0,10.0,1.2,0.35
LABORATORY,CBECS_1980_2004,1,NO_ECONOMIZER,0.057142857,0.028571429,False,False,1.428571429,2.5,1.221848739,0.35
LABORATORY,CBECS_1980_2004,2,NO_ECONOMIZER,0.057142857,0.028571429,False,False,1.367346939,2.653061224,1.221848739,0.35
LABORATORY,CBECS_1980_2004,3,NO_ECONOMIZER,0.057142857,0.028571429,False,False,1.306122449,2.806122449,1.221848739,0.35
LABORATORY,CBECS_1980_2004,4,NO_ECONOMIZER,0.057142857,0.028571429,False,False,1.244897959,2.959183673,1.221848739,0.35
LABORATORY,CBECS_1980_2004,5,NO_ECONOMIZER,0.057142857,0.028571429,False,False,1.183673469,3.112244898,1.221848739,0.35
LABORATORY,CBECS_1980_2004,6,NO_ECONOMIZER,0.057142857,0.028571429,False,False,1.12244898,3.265306122,1.221848739,0.35
LABORATORY,CBECS_1980_2004,7,NO_ECONOMIZER,0.057142857,0.028571429,False,False,1.06122449,3.418367347,1.221848739,0.35
LABORATORY,CBECS_1980_2004,8,NO_ECONOMIZER,0.057142857,0.028571429,False,False,1.0,3.571428571,1.221848739,0.35
LABORATORY,CBECS_PRE_1980,1,NO_ECONOMIZER,0.0,0.0,False,False,1.0,2.5,1.225490196,0.35
LABORATORY,CBECS_PRE_1980,2,NO_ECONOMIZER,0.0,0.0,False,False,1.0,2.5,1.225490196,0.35
LABORATORY,CBECS_PRE_1980,3,NO_ECONOMIZER,0.0,0.0,False,False,1.0,2.5,1.225490196,0.35
LABORATORY,CBECS_PRE_1980,4,NO_ECONOMIZER,0.0,0.0,False,False,1.0,2.5,1.225490196,0.35
LABORATORY,CBECS_PRE_1980,5,NO_ECONOMIZER,0.0,0.0,False,False,1.0,2.5,1.225490196,0.35
LABORATORY,CBECS_PRE_1980,6,NO_ECONOMIZER,0.0,0.0,False,False,1.0,2.5,1.225490196,0.35
LABORATORY,CBECS_PRE_1980,7,NO_ECONOMIZER,0.0,0.0,False,False,1.0,2.5,1.225490196,0.35
LABORATORY,CBECS_PRE_1980,8,NO_ECONOMIZER,0.0,0.0,False,False,1.0,2.5,1.225490196,0.35
PARKING,ASHRAE_901_2004,1,NO_ECONOMIZER,0.114285714,0.057142857,False,False,1.857142857,2.5,1.269932518,0.35
PARKING,ASHRAE_901_2004,2,NO_ECONOMIZER,0.114285714,0.057142857,False,False,1.734693878,2.806122449,1.269932518,0.35
PARKING,ASHRAE_901_2004,3,NO_ECONOMIZER,0.114285714,0.057142857,False,False,1.612244898,3.112244898,1.269932518,0.35
PARKING,ASHRAE_901_2004,4,NO_ECONOMIZER,0.114285714,0.057142857,False,False,1.489795918,3.418367347,1.269932518,0.35
PARKING,ASHRAE_901_2004,5,NO_ECONOMIZER,0.114285714,0.057142857,False,False,1.367346939,3.724489796,1.269932518,0.35
PARKING,ASHRAE_901_2004,6,NO_ECONOMIZER,0.114285714,0.057142857,False,False,1.244897959,4.030612245,1.269932518,0.35
PARKING,ASHRAE_901_2004,7,NO_ECONOMIZER,0.114285714,0.057142857,False,False,1.12244898,4.336734694,1.269932518,0.35
PARKING,ASHRAE_901_2004,8,NO_ECONOMIZER,0.114285714,0.057142857,False,False,1.0,4.642857143,1.269932518,0.35
PARKING,ASHRAE_901_2007,1,NO_ECONOMIZER,0.171428571,0.085714286,False,False,2.285714286,2.5,1.255946015,0.35
PARKING,ASHRAE_901_2007,2,NO_ECONOMIZER,0.171428571,0.085714286,False,False,2.102040816,2.959183673,1.255946015,0.35
PARKING,ASHRAE_901_2007,3,NO_ECONOMIZER,0.171428571,0.085714286,False,False,1.918367347,3.418367347,1.255946015,0.35
PARKING,ASHRAE_901_2007,4,NO_ECONOMIZER,0.171428571,0.085714286,False,False,1.734693878,3.87755102,1.255946015,0.35
PARKING,ASHRAE_901_2007,5,NO_ECONOMIZER,0.171428571,0.085714286,False,False,1.551020408,4.336734694,1.255946015,0.35
PARKING,ASHRAE_901_2007,6,NO_ECONOMIZER,0.171428571,0.085714286,False,False,1.367346939,4.795918367,1.255946015,0.35
PARKING,ASHRAE_901_2007,7,NO_ECONOMIZER,0.171428571,0.085714286,False,False,1.183673469,5.255102041,1.255946015,0.35
PARKING,ASHRAE_901_2007,8,NO_ECONOMIZER,0.171428571,0.085714286,False,False,1.0,5.714285714,1.255946015,0.35
PARKING,ASHRAE_901_2010,1,NO_ECONOMIZER,0.228571429,0.114285714,False,False,2.714285714,2.5,1.241959511,0.35
PARKING,ASHRAE_901_2010,2,NO_ECONOMIZER,0.228571429,0.114285714,False,False,2.469387755,3.112244898,1.241959511,0.35
PARKING,ASHRAE_901_2010,3,NO_ECONOMIZER,0.228571429,0.114285714,False,False,2.224489796,3.724489796,1.241959511,0.35
PARKING,ASHRAE_901_2010,4,NO_ECONOMIZER,0.228571429,0.114285714,False,False,1.979591837,4.336734694,1.241959511,0.35
PARKING,ASHRAE_901_2010,5,NO_ECONOMIZER,0.228571429,0.114285714,False,False,1.734693878,4.948979592,1.241959511,0.35
PARKING,ASHRAE_901_2010,6,NO_ECONOMIZER,0.228571429,0.114285714,False,False,1.489795918,5.56122449,1.241959511,0.35
PARKING,ASHRAE_901_2010,7,NO_ECONOMIZER,0.228571429,0.114285714,False,False,1.244897959,6.173469388,1.241959511,0.35
PARKING,ASHRAE_901_2010,8,NO_ECONOMIZER,0.228571429,0.114285714,False,False,1.0,6.785714286,1.241959511,0.35
PARKING,ASHRAE_901_2013,1,NO_ECONOMIZER,0.285714286,0.142857143,False,False,3.142857143,2.5,1.227973007,0.35
PARKING,ASHRAE_901_2013,2,NO_ECONOMIZER,0.285714286,0.142857143,False,False,2.836734694,3.265306122,1.227973007,0.35
PARKING,ASHRAE_901_2013,3,NO_ECONOMIZER,0.285714286,0.142857143,False,False,2.530612245,4.030612245,1.227973007,0.35
PARKING,ASHRAE_901_2013,4,NO_ECONOMIZER,0.285714286,0.142857143,False,False,2.224489796,4.795918367,1.227973007,0.35
PARKING,ASHRAE_901_2013,5,NO_ECONOMIZER,0.285714286,0.142857143,False,False,1.918367347,5.56122449,1.227973007,0.35
PARKING,ASHRAE_901_2013,6,NO_ECONOMIZER,0.285714286,0.142857143,False,False,1.612244898,6.326530612,1.227973007,0.35
PARKING,ASHRAE_901_2013,7,NO_ECONOMIZER,0.285714286,0.142857143,False,False,1.306122449,7.091836735,1.227973007,0.35
PARKING,ASHRAE_901_2013,8,NO_ECONOMIZER,0.285714286,0.142857143,False,False,1.0,7.857142857,1.227973007,0.35
PARKING,ASHRAE_901_2016,1,NO_ECONOMIZER,0.342857143,0.171428571,False,False,3.571428571,2.5,1.213986504,0.35
PARKING,ASHRAE_901_2016,2,NO_ECONOMIZER,0.342857143,0.171428571,False,False,3.204081633,3.418367347,1.213986504,0.35
PARKING,ASHRAE_901_2016,3,NO_ECONOMIZER,0.342857143,0.171428571,False,False,2.836734694,4.336734694,1.213986504,0.35
PARKING,ASHRAE_901_2016,4,NO_ECONOMIZER,0.342857143,0.171428571,False,False,2.469387755,5.255102041,1.213986504,0.35
PARKING,ASHRAE_901_2016,5,NO_ECONOMIZER,0.342857143,0.171428571,False,False,2.102040816,6.173469388,1.213986504,0.35
PARKING,ASHRAE_901_2016,6,NO_ECONOMIZER,0.342857143,0.171428571,False,False,1.734693878,7.091836735,1.213986504,0.35
PARKING,ASHRAE_901_2016,7,NO_ECONOMIZER,0.342857143,0.171428571,False,False,1.367346939,8.010204082,1.213986504,0.35
PARKING,ASHRAE_901_2016,8,NO_ECONOMIZER,0.342857143,0.171428571,False,False,1.0,8.928571429,1.213986504,0.35
PARKING,ASHRAE_901_2019,1,NO_ECONOMIZER,0.4,0.2,False,False,4.0,2.5,1.2,0.35
PARKING,ASHRAE_901_2019,2,NO_ECONOMIZER,0.4,0.2,False,False,3.571428571,3.571428571,1.2,0.35
PARKING,ASHRAE_901_2019,3,NO_ECONOMIZER,0.4,0.2,False,False,3.142857143,4.642857143,1.2,0.35
PARKING,ASHRAE_901_2019,4,NO_ECONOMIZER,0.4,0.2,False,False,2.714285714,5.714285714,1.2,0.35
PARKING,ASHRAE_901_2019,5,NO_ECONOMIZER,0.4,0.2,False,False,2.285714286,6.785714286,1.2,0.35
PARKING,ASHRAE_901_2019,6,NO_ECONOMIZER,0.4,0.2,False,False,1.857142857,7.857142857,1.2,0.35
PARKING,ASHRAE_901_2019,7,NO_ECONOMIZER,0.4,0.2,False,False,1.428571429,8.928571429,1.2,0.35
PARKING,ASHRAE_901_2019,8,NO_ECONOMIZER,0.4,0.2,False,False,1.0,10.0,1.2,0.35
PARKING,CBECS_1980_2004,1,NO_ECONOMIZER,0.057142857,0.028571429,False,False,1.428571429,2.5,1.283919022,0.35
PARKING,CBECS_1980_2004,2,NO_ECONOMIZER,0.057142857,0.028571429,False,False,1.367346939,2.653061224,1.283919022,0.35
PARKING,CBECS_1980_2004,3,NO_ECONOMIZER,0.057142857,0.028571429,False,False,1.306122449,2.806122449,1.283919022,0.35
PARKING,CBECS_1980_2004,4,NO_ECONOMIZER,0.057142857,0.028571429,False,False,1.244897959,2.959183673,1.283919022,0.35
PARKING,CBECS_1980_2004,5,NO_ECONOMIZER,0.057142857,0.028571429,False,False,1.183673469,3.112244898,1.283919022,0.35
PARKING,CBECS_1980_2004,6,NO_ECONOMIZER,0.057142857,0.028571429,False,False,1.12244898,3.265306122,1.283919022,0.35
PARKING,CBECS_1980_2004,7,NO_ECONOMIZER,0.057142857,0.028571429,False,False,1.06122449,3.418367347,1.283919022,0.35
PARKING,CBECS_1980_2004,8,NO_ECONOMIZER,0.057142857,0.028571429,False,False,1.0,3.571428571,1.283919022,0.35
PARKING,CBECS_PRE_1980,1,NO_ECONOMIZER,0.0,0.0,False,False,1.0,2.5,1.297905526,0.35
PARKING,CBECS_PRE_1980,2,NO_ECONOMIZER,0.0,0.0,False,False,1.0,2.5,1.297905526,0.35
PARKING,CBECS_PRE_1980,3,NO_ECONOMIZER,0.0,0.0,False,False,1.0,2.5,1.297905526,0.35
PARKING,CBECS_PRE_1980,4,NO_ECONOMIZER,0.0,0.0,False,False,1.0,2.5,1.297905526,0.35
PARKING,CBECS_PRE_1980,5,NO_ECONOMIZER,0.0,0.0,False,False,1.0,2.5,1.297905526,0.35
PARKING,CBECS_PRE_1980,6,NO_ECONOMIZER,0.0,0.0,False,False,1.0,2.5,1.297905526,0.35
PARKING,CBECS_PRE_1980,7,NO_ECONOMIZER,0.0,0.0,False,False,1.0,2.5,1.297905526,0.35
PARKING,CBECS_PRE_1980,8,NO_ECONOMIZER,0.0,0.0,False,False,1.0,2.5,1.297905526,0.35
PHYSICAL_EVENTS,ASHRAE_901_2004,1,NO_ECONOMIZER,0.114285714,0.057142857,False,False,1.857142857,2.5,1.797529921,0.35
PHYSICAL_EVENTS,ASHRAE_901_2004,2,NO_ECONOMIZER,0.114285714,0.057142857,False,False,1.734693878,2.806122449,1.797529921,0.35
PHYSICAL_EVENTS,ASHRAE_901_2004,3,DIFFERENTIAL_DRY_BULB,0.114285714,0.057142857,False,False,1.612244898,3.112244898,1.797529921,0.35
PHYSICAL_EVENTS,ASHRAE_901_2004,4,DIFFERENTIAL_DRY_BULB,0.114285714,0.057142857,False,False,1.489795918,3.418367347,1.797529921,0.35
PHYSICAL_EVENTS,ASHRAE_901_2004,5,DIFFERENTIAL_DRY_BULB,0.114285714,0.057142857,False,False,1.367346939,3.724489796,1.797529921,0.35
PHYSICAL_EVENTS,ASHRAE_901_2004,6,DIFFERENTIAL_DRY_BULB,0.114285714,0.057142857,False,False,1.244897959,4.030612245,1.797529921,0.35
PHYSICAL_EVENTS,ASHRAE_901_2004,7,DIFFERENTIAL_DRY_BULB,0.114285714,0.057142857,False,False,1.12244898,4.336734694,1.797529921,0.35
PHYSICAL_EVENTS,ASHRAE_901_2004,8,DIFFERENTIAL_DRY_BULB,0.114285714,0.057142857,False,False,1.0,4.642857143,1.797529921,0.35
PHYSICAL_EVENTS,ASHRAE_901_2007,1,NO_ECONOMIZER,0.171428571,0.085714286,False,False,2.285714286,2.5,1.678023937,0.35
PHYSICAL_EVENTS,ASHRAE_901_2007,2,NO_ECONOMIZER,0.171428571,0.085714286,False,False,2.102040816,2.959183673,1.678023937,0.35
PHYSICAL_EVENTS,ASHRAE_901_2007,3,DIFFERENTIAL_DRY_BULB,0.171428571,0.085714286,False,False,1.918367347,3.418367347,1.678023937,0.35
PHYSICAL_EVENTS,ASHRAE_901_2007,4,DIFFERENTIAL_DRY_BULB,0.171428571,0.085714286,False,False,1.734693878,3.87755102,1.678023937,0.35
PHYSICAL_EVENTS,ASHRAE_901_2007,5,DIFFERENTIAL_DRY_BULB,0.171428571,0.085714286,False,False,1.551020408,4.336734694,1.678023937,0.35
PHYSICAL_EVENTS,ASHRAE_901_2007,6,DIFFERENTIAL_DRY_BULB,0.171428571,0.085714286,False,False,1.367346939,4.795918367,1.678023937,0.35
PHYSICAL_EVENTS,ASHRAE_901_2007,7,DIFFERENTIAL_DRY_BULB,0.171428571,0.085714286,False,False,1.183673469,5.255102041,1.678023937,0.35
PHYSICAL_EVENTS,ASHRAE_901_2007,8,DIFFERENTIAL_DRY_BULB,0.171428571,0.085714286,False,False,1.0,5.714285714,1.678023937,0.35
PHYSICAL_EVENTS,ASHRAE_901_2010,1,NO_ECONOMIZER,0.228571429,0.114285714,False,False,2.714285714,2.5,1.558517953,0.35
PHYSICAL_EVENTS,ASHRAE_901_2010,2,NO_ECONOMIZER,0.228571429,0.114285714,False,False,2.469387755,3.112244898,1.558517953,0.35
PHYSICAL_EVENTS,ASHRAE_901_2010,3,DIFFERENTIAL_DRY_BULB,0.228571429,0.114285714,False,False,2.224489796,3.724489796,1.558517953,0.35
PHYSICAL_EVENTS,ASHRAE_901_2010,4,DIFFERENTIAL_DRY_BULB,0.228571429,0.114285714,False,False,1.979591837,4.336734694,1.558517953,0.35
PHYSICAL_EVENTS,ASHRAE_901_2010,5,DIFFERENTIAL_DRY_BULB,0.228571429,0.114285714,False,False,1.734693878,4.948979592,1.558517953,0.35
PHYSICAL_EVENTS,ASHRAE_901_2010,6,DIFFERENTIAL_DRY_BULB,0.228571429,0.114285714,False,False,1.489795918,5.56122449,1.558517953,0.35
PHYSICAL_EVENTS,ASHRAE_901_2010,7,DIFFERENTIAL_DRY_BULB,0.228571429,0.114285714,False,False,1.244897959,6.173469388,1.558517953,0.35
PHYSICAL_EVENTS,ASHRAE_901_2010,8,DIFFERENTIAL_DRY_BULB,0.228571429,0.114285714,False,False,1.0,6.785714286,1.558517953,0.35
PHYSICAL_EVENTS,ASHRAE_901_2013,1,NO_ECONOMIZER,0.285714286,0.142857143,False,False,3.142857143,2.5,1.439011968,0.35
PHYSICAL_EVENTS,ASHRAE_901_2013,2,NO_ECONOMIZER,0.285714286,0.142857143,False,False,2.836734694,3.265306122,1.439011968,0.35
PHYSICAL_EVENTS,ASHRAE_901_2013,3,DIFFERENTIAL_DRY_BULB,0.285714286,0.142857143,False,False,2.530612245,4.030612245,1.439011968,0.35
PHYSICAL_EVENTS,ASHRAE_901_2013,4,DIFFERENTIAL_DRY_BULB,0.285714286,0.142857143,False,False,2.224489796,4.795918367,1.439011968,0.35
PHYSICAL_EVENTS,ASHRAE_901_2013,5,DIFFERENTIAL_DRY_BULB,0.285714286,0.142857143,False,False,1.918367347,5.56122449,1.439011968,0.35
PHYSICAL_EVENTS,ASHRAE_901_2013,6,DIFFERENTIAL_DRY_BULB,0.285714286,0.142857143,False,False,1.612244898,6.326530612,1.439011968,0.35
PHYSICAL_EVENTS,ASHRAE_901_2013,7,DIFFERENTIAL_DRY_BULB,0.285714286,0.142857143,False,False,1.306122449,7.091836735,1.439011968,0.35
PHYSICAL_EVENTS,ASHRAE_901_2013,8,DIFFERENTIAL_DRY_BULB,0.285714286,0.142857143,False,False,1.0,7.857142857,1.439011968,0.35
PHYSICAL_EVENTS,ASHRAE_901_2016,1,NO_ECONOMIZER,0.342857143,0.171428571,False,False,3.571428571,2.5,1.319505984,0.35
PHYSICAL_EVENTS,ASHRAE_901_2016,2,NO_ECONOMIZER,0.342857143,0.171428571,False,False,3.204081633,3.418367347,1.319505984,0.35
PHYSICAL_EVENTS,ASHRAE_901_2016,3,DIFFERENTIAL_DRY_BULB,0.342857143,0.171428571,False,False,2.836734694,4.336734694,1.319505984,0.35
PHYSICAL_EVENTS,ASHRAE_901_2016,4,DIFFERENTIAL_DRY_BULB,0.342857143,0.171428571,False,False,2.469387755,5.255102041,1.319505984,0.35
PHYSICAL_EVENTS,ASHRAE_901_2016,5,DIFFERENTIAL_DRY_BULB,0.342857143,0.171428571,False,False,2.102040816,6.173469388,1.319505984,0.35
PHYSICAL_EVENTS,ASHRAE_901_2016,6,DIFFERENTIAL_DRY_BULB,0.342857143,0.171428571,False,False,1.734693878,7.091836735,1.319505984,0.35
PHYSICAL_EVENTS,ASHRAE_901_2016,7,DIFFERENTIAL_DRY_BULB,0.342857143,0.171428571,False,False,1.367346939,8.010204082,1.319505984,0.35
PHYSICAL_EVENTS,ASHRAE_901_2016,8,DIFFERENTIAL_DRY_BULB,0.342857143,0.171428571,False,False,1.0,8.928571429,1.319505984,0.35
PHYSICAL_EVENTS,ASHRAE_901_2019,1,NO_ECONOMIZER,0.4,0.2,False,False,4.0,2.5,1.2,0.35
PHYSICAL_EVENTS,ASHRAE_901_2019,2,NO_ECONOMIZER,0.4,0.2,False,False,3.571428571,3.571428571,1.2,0.35
PHYSICAL_EVENTS,ASHRAE_901_2019,3,DIFFERENTIAL_DRY_BULB,0.4,0.2,False,False,3.142857143,4.642857143,1.2,0.35
PHYSICAL_EVENTS,ASHRAE_901_2019,4,DIFFERENTIAL_DRY_BULB,0.4,0.2,False,False,2.714285714,5.714285714,1.2,0.35
PHYSICAL_EVENTS,ASHRAE_901_2019,5,DIFFERENTIAL_DRY_BULB,0.4,0.2,False,False,2.285714286,6.785714286,1.2,0.35
PHYSICAL_EVENTS,ASHRAE_901_2019,6,DIFFERENTIAL_DRY_BULB,0.4,0.2,False,False,1.857142857,7.857142857,1.2,0.35
PHYSICAL_EVENTS,ASHRAE_901_2019,7,DIFFERENTIAL_DRY_BULB,0.4,0.2,False,False,1.428571429,8.928571429,1.2,0.35
PHYSICAL_EVENTS,ASHRAE_901_2019,8,DIFFERENTIAL_DRY_BULB,0.4,0.2,False,False,1.0,10.0,1.2,0.35
PHYSICAL_EVENTS,CBECS_1980_2004,1,NO_ECONOMIZER,0.057142857,0.028571429,False,False,1.428571429,2.5,1.917035905,0.35
PHYSICAL_EVENTS,CBECS_1980_2004,2,NO_ECONOMIZER,0.057142857,0.028571429,False,False,1.367346939,2.653061224,1.917035905,0.35
PHYSICAL_EVENTS,CBECS_1980_2004,3,NO_ECONOMIZER,0.057142857,0.028571429,False,False,1.306122449,2.806122449,1.917035905,0.35
PHYSICAL_EVENTS,CBECS_1980_2004,4,NO_ECONOMIZER,0.057142857,0.028571429,False,False,1.244897959,2.959183673,1.917035905,0.35
PHYSICAL_EVENTS,CBECS_1980_2004,5,NO_ECONOMIZER,0.057142857,0.028571429,False,False,1.183673469,3.112244898,1.917035905,0.35
PHYSICAL_EVENTS,CBECS_1980_2004,6,NO_ECONOMIZER,0.057142857,0.028571429,False,False,1.12244898,3.265306122,1.917035905,0.35
PHYSICAL_EVENTS,CBECS_1980_2004,7,NO_ECONOMIZER,0.057142857,0.028571429,False,False,1.06122449,3.418367347,1.917035905,0.35
PHYSICAL_EVENTS,CBECS_1980_2004,8,NO_ECONOMIZER,0.057142857,0.028571429,False,False,1.0,3.571428571,1.917035905,0.35
PHYSICAL_EVENTS,CBECS_PRE_1980,1,NO_ECONOMIZER,0.0,0.0,False,False,1.0,2.5,2.036541889,0.35
PHYSICAL_EVENTS,CBECS_PRE_1980,2,NO_ECONOMIZER,0.0,0.0,False,False,1.0,2.5,2.036541889,0.35
PHYSICAL_EVENTS,CBECS_PRE_1980,3,NO_ECONOMIZER,0.0,0.0,False,False,1.0,2.5,2.036541889,0.35
PHYSICAL_EVENTS,CBECS_PRE_1980,4,NO_ECONOMIZER,0.0,0.0,False,False,1.0,2.5,2.036541889,0.35
PHYSICAL_EVENTS,CBECS_PRE_1980,5,NO_ECONOMIZER,0.0,0.0,False,False,1.0,2.5,2.036541889,0.35
PHYSICAL_EVENTS,CBECS_PRE_1980,6,NO_ECONOMIZER,0.0,0.0,False,False,1.0,2.5,2.036541889,0.35
PHYSICAL_EVENTS,CBECS_PRE_1980,7,NO_ECONOMIZER,0.0,0.0,False,False,1.0,2.5,2.036541889,0.35
PHYSICAL_EVENTS,CBECS_PRE_1980,8,NO_ECONOMIZER,0.0,0.0,False,False,1.0,2.5,2.036541889,0.35
PHYSICAL_EXERCISE,ASHRAE_901_2004,1,NO_ECONOMIZER,0.114285714,0.057142857,False,False,1.857142857,2.5,1.205793226,0.35
PHYSICAL_EXERCISE,ASHRAE_901_2004,2,NO_ECONOMIZER,0.114285714,0.057142857,False,False,1.734693878,2.806122449,1.205793226,0.35
PHYSICAL_EXERCISE,ASHRAE_901_2004,3,DIFFERENTIAL_DRY_BULB,0.114285714,0.057142857,False,False,1.612244898,3.112244898,1.205793226,0.35
PHYSICAL_EXERCISE,ASHRAE_901_2004,4,DIFFERENTIAL_DRY_BULB,0.114285714,0.057142857,False,False,1.489795918,3.418367347,1.205793226,0.35
PHYSICAL_EXERCISE,ASHRAE_901_2004,5,DIFFERENTIAL_DRY_BULB,0.114285714,0.057142857,False,False,1.367346939,3.724489796,1.205793226,0.35
PHYSICAL_EXERCISE,ASHRAE_901_2004,6,DIFFERENTIAL_DRY_BULB,0.114285714,0.057142857,False,False,1.244897959,4.030612245,1.205793226,0.35
PHYSICAL_EXERCISE,ASHRAE_901_2004,7,DIFFERENTIAL_DRY_BULB,0.114285714,0.057142857,False,False,1.12244898,4.336734694,1.205793226,0.35
PHYSICAL_EXERCISE,ASHRAE_901_2004,8,DIFFERENTIAL_DRY_BULB,0.114285714,0.057142857,False,False,1.0,4.642857143,1.205793226,0.35
PHYSICAL_EXERCISE,ASHRAE_901_2007,1,NO_ECONOMIZER,0.171428571,0.085714286,False,False,2.285714286,2.5,1.204634581,0.35
PHYSICAL_EXERCISE,ASHRAE_901_2007,2,NO_ECONOMIZER,0.171428571,0.085714286,False,False,2.102040816,2.959183673,1.204634581,0.35
PHYSICAL_EXERCISE,ASHRAE_901_2007,3,DIFFERENTIAL_DRY_BULB,0.171428571,0.085714286,False,False,1.918367347,3.418367347,1.204634581,0.35
PHYSICAL_EXERCISE,ASHRAE_901_2007,4,DIFFERENTIAL_DRY_BULB,0.171428571,0.085714286,False,False,1.734693878,3.87755102,1.204634581,0.35
PHYSICAL_EXERCISE,ASHRAE_901_2007,5,DIFFERENTIAL_DRY_BULB,0.171428571,0.085714286,False,False,1.551020408,4.336734694,1.204634581,0.35
PHYSICAL_EXERCISE,ASHRAE_901_2007,6,DIFFERENTIAL_DRY_BULB,0.171428571,0.085714286,False,False,1.367346939,4.795918367,1.204634581,0.35
PHYSICAL_EXERCISE,ASHRAE_901_2007,7,DIFFERENTIAL_DRY_BULB,0.171428571,0.085714286,False,False,1.183673469,5.255102041,1.204634581,0.35
PHYSICAL_EXERCISE,ASHRAE_901_2007,8,DIFFERENTIAL_DRY_BULB,0.171428571,0.085714286,False,False,1.0,5.714285714,1.204634581,0.35
PHYSICAL_EXERCISE,ASHRAE_901_2010,1,NO_ECONOMIZER,0.228571429,0.114285714,False,False,2.714285714,2.5,1.203475936,0.35
PHYSICAL_EXERCISE,ASHRAE_901_2010,2,NO_ECONOMIZER,0.228571429,0.114285714,False,False,2.469387755,3.112244898,1.203475936,0.35
PHYSICAL_EXERCISE,ASHRAE_901_2010,3,DIFFERENTIAL_DRY_BULB,0.228571429,0.114285714,False,False,2.224489796,3.724489796,1.203475936,0.35
PHYSICAL_EXERCISE,ASHRAE_901_2010,4,DIFFERENTIAL_DRY_BULB,0.228571429,0.114285714,False,False,1.979591837,4.336734694,1.203475936,0.35
PHYSICAL_EXERCISE,ASHRAE_901_2010,5,DIFFERENTIAL_DRY_BULB,0.228571429,0.114285714,False,False,1.734693878,4.948979592,1.203475936,0.35
PHYSICAL_EXERCISE,ASHRAE_901_2010,6,DIFFERENTIAL_DRY_BULB,0.228571429,0.114285714,False,False,1.489795918,5.56122449,1.203475936,0.35
PHYSICAL_EXERCISE,ASHRAE_901_2010,7,DIFFERENTIAL_DRY_BULB,0.228571429,0.114285714,False,False,1.244897959,6.173469388,1.203475936,0.35
PHYSICAL_EXERCISE,ASHRAE_901_2010,8,DIFFERENTIAL_DRY_BULB,0.228571429,0.114285714,False,False,1.0,6.785714286,1.203475936,0.35
PHYSICAL_EXERCISE,ASHRAE_901_2013,1,NO_ECONOMIZER,0.285714286,0.142857143,False,False,3.142857143,2.5,1.202317291,0.35
PHYSICAL_EXERCISE,ASHRAE_901_2013,2,NO_ECONOMIZER,0.285714286,0.142857143,False,False,2.836734694,3.265306122,1.202317291,0.35
PHYSICAL_EXERCISE,ASHRAE_901_2013,3,DIFFERENTIAL_DRY_BULB,0.285714286,0.142857143,False,False,2.530612245,4.030612245,1.202317291,0.35
PHYSICAL_EXERCISE,ASHRAE_901_2013,4,DIFFERENTIAL_DRY_BULB,0.285714286,0.142857143,False,False,2.224489796,4.795918367,1.202317291,0.35
PHYSICAL_EXERCISE,ASHRAE_901_2013,5,DIFFERENTIAL_DRY_BULB,0.285714286,0.142857143,False,False,1.918367347,5.56122449,1.202317291,0.35
PHYSICAL_EXERCISE,ASHRAE_901_2013,6,DIFFERENTIAL_DRY_BULB,0.285714286,0.142857143,False,False,1.612244898,6.326530612,1.202317291,0.35
PHYSICAL_EXERCISE,ASHRAE_901_2013,7,DIFFERENTIAL_DRY_BULB,0.285714286,0.142857143,False,False,1.306122449,7.091836735,1.202317291,0.35
PHYSICAL_EXERCISE,ASHRAE_901_2013,8,DIFFERENTIAL_DRY_BULB,0.285714286,0.142857143,False,False,1.0,7.857142857,1.202317291,0.35
PHYSICAL_EXERCISE,ASHRAE_901_2016,1,NO_ECONOMIZER,0.342857143,0.171428571,False,False,3.571428571,2.5,1.201158645,0.35
PHYSICAL_EXERCISE,ASHRAE_901_2016,2,NO_ECONOMIZER,0.342857143,0.171428571,False,False,3.204081633,3.418367347,1.201158645,0.35
PHYSICAL_EXERCISE,ASHRAE_901_2016,3,DIFFERENTIAL_DRY_BULB,0.342857143,0.171428571,False,False,2.836734694,4.336734694,1.201158645,0.35
PHYSICAL_EXERCISE,ASHRAE_901_2016,4,DIFFERENTIAL_DRY_BULB,0.342857143,0.171428571,False,False,2.469387755,5.255102041,1.201158645,0.35
PHYSICAL_EXERCISE,ASHRAE_901_2016,5,DIFFERENTIAL_DRY_BULB,0.342857143,0.171428571,False,False,2.102040816,6.173469388,1.201158645,0.35
PHYSICAL_EXERCISE,ASHRAE_901_2016,6,DIFFERENTIAL_DRY_BULB,0.342857143,0.171428571,False,False,1.734693878,7.091836735,1.201158645,0.35
PHYSICAL_EXERCISE,ASHRAE_901_2016,7,DIFFERENTIAL_DRY_BULB,0.342857143,0.171428571,False,False,1.367346939,8.010204082,1.201158645,0.35
PHYSICAL_EXERCISE,ASHRAE_901_2016,8,DIFFERENTIAL_DRY_BULB,0.342857143,0.171428571,False,False,1.0,8.928571429,1.201158645,0.35
PHYSICAL_EXERCISE,ASHRAE_901_2019,1,NO_ECONOMIZER,0.4,0.2,False,False,4.0,2.5,1.2,0.35
PHYSICAL_EXERCISE,ASHRAE_901_2019,2,NO_ECONOMIZER,0.4,0.2,False,False,3.571428571,3.571428571,1.2,0.35
PHYSICAL_EXERCISE,ASHRAE_901_2019,3,DIFFERENTIAL_DRY_BULB,0.4,0.2,False,False,3.142857143,4.642857143,1.2,0.35
PHYSICAL_EXERCISE,ASHRAE_901_2019,4,DIFFERENTIAL_DRY_BULB,0.4,0.2,False,False,2.714285714,5.714285714,1.2,0.35
PHYSICAL_EXERCISE,ASHRAE_901_2019,5,DIFFERENTIAL_DRY_BULB,0.4,0.2,False,False,2.285714286,6.785714286,1.2,0.35
PHYSICAL_EXERCISE,ASHRAE_901_2019,6,DIFFERENTIAL_DRY_BULB,0.4,0.2,False,False,1.857142857,7.857142857,1.2,0.35
PHYSICAL_EXERCISE,ASHRAE_901_2019,7,DIFFERENTIAL_DRY_BULB,0.4,0.2,False,False,1.428571429,8.928571429,1.2,0.35
PHYSICAL_EXERCISE,ASHRAE_901_2019,8,DIFFERENTIAL_DRY_BULB,0.4,0.2,False,False,1.0,10.0,1.2,0.35
PHYSICAL_EXERCISE,CBECS_1980_2004,1,NO_ECONOMIZER,0.057142857,0.028571429,False,False,1.428571429,2.5,1.206951872,0.35
PHYSICAL_EXERCISE,CBECS_1980_2004,2,NO_ECONOMIZER,0.057142857,0.028571429,False,False,1.367346939,2.653061224,1.206951872,0.35
PHYSICAL_EXERCISE,CBECS_1980_2004,3,NO_ECONOMIZER,0.057142857,0.028571429,False,False,1.306122449,2.806122449,1.206951872,0.35
PHYSICAL_EXERCISE,CBECS_1980_2004,4,NO_ECONOMIZER,0.057142857,0.028571429,False,False,1.244897959,2.959183673,1.206951872,0.35
PHYSICAL_EXERCISE,CBECS_1980_2004,5,NO_ECONOMIZER,0.057142857,0.028571429,False,False,1.183673469,3.112244898,1.206951872,0.35
PHYSICAL_EXERCISE,CBECS_1980_2004,6,NO_ECONOMIZER,0.057142857,0.028571429,False,False,1.12244898,3.265306122,1.206951872,0.35
PHYSICAL_EXERCISE,CBECS_1980_2004,7,NO_ECONOMIZER,0.057142857,0.028571429,False,False,1.06122449,3.418367347,1.206951872,0.35
PHYSICAL_EXERCISE,CBECS_1980_2004,8,NO_ECONOMIZER,0.057142857,0.028571429,False,False,1.0,3.571428571,1.206951872,0.35
PHYSICAL_EXERCISE,CBECS_PRE_1980,1,NO_ECONOMIZER,0.0,0.0,False,False,1.0,2.5,1.208110517,0.35
PHYSICAL_EXERCISE,CBECS_PRE_1980,2,NO_ECONOMIZER,0.0,0.0,False,False,1.0,2.5,1.208110517,0.35
PHYSICAL_EXERCISE,CBECS_PRE_1980,3,NO_ECONOMIZER,0.0,0.0,False,False,1.0,2.5,1.208110517,0.35
PHYSICAL_EXERCISE,CBECS_PRE_1980,4,NO_ECONOMIZER,0.0,0.0,False,False,1.0,2.5,1.208110517,0.35
PHYSICAL_EXERCISE,CBECS_PRE_1980,5,NO_ECONOMIZER,0.0,0.0,False,False,1.0,2.5,1.208110517,0.35
PHYSICAL_EXERCISE,CBECS_PRE_1980,6,NO_ECONOMIZER,0.0,0.0,False,False,1.0,2.5,1.208110517,0.35
PHYSICAL_EXERCISE,CBECS_PRE_1980,7,NO_ECONOMIZER,0.0,0.0,False,False,1.0,2.5,1.208110517,0.35
PHYSICAL_EXERCISE,CBECS_PRE_1980,8,NO_ECONOMIZER,0.0,0.0,False,False,1.0,2.5,1.208110517,0.35
RELIGIOUS,ASHRAE_901_2004,1,NO_ECONOMIZER,0.114285714,0.057142857,False,True,1.857142857,2.5,1.280277566,0.35
RELIGIOUS,ASHRAE_901_2004,2,NO_ECONOMIZER,0.114285714,0.057142857,False,True,1.734693878,2.806122449,1.280277566,0.35
RELIGIOUS,ASHRAE_901_2004,3,DIFFERENTIAL_DRY_BULB,0.114285714,0.057142857,False,True,1.612244898,3.112244898,1.280277566,0.35
RELIGIOUS,ASHRAE_901_2004,4,DIFFERENTIAL_DRY_BULB,0.114285714,0.057142857,False,True,1.489795918,3.418367347,1.280277566,0.35
RELIGIOUS,ASHRAE_901_2004,5,DIFFERENTIAL_DRY_BULB,0.114285714,0.057142857,False,True,1.367346939,3.724489796,1.280277566,0.35
RELIGIOUS,ASHRAE_901_2004,6,DIFFERENTIAL_DRY_BULB,0.114285714,0.057142857,False,True,1.244897959,4.030612245,1.280277566,0.35
RELIGIOUS,ASHRAE_901_2004,7,DIFFERENTIAL_DRY_BULB,0.114285714,0.057142857,False,True,1.12244898,4.336734694,1.280277566,0.35
RELIGIOUS,ASHRAE_901_2004,8,DIFFERENTIAL_DRY_BULB,0.114285714,0.057142857,False,True,1.0,4.642857143,1.280277566,0.35
RELIGIOUS,ASHRAE_901_2007,1,NO_ECONOMIZER,0.171428571,0.085714286,True,True,2.285714286,2.5,1.264222052,0.35
RELIGIOUS,ASHRAE_901_2007,2,NO_ECONOMIZER,0.171428571,0.085714286,True,True,2.102040816,2.959183673,1.264222052,0.35
RELIGIOUS,ASHRAE_901_2007,3,DIFFERENTIAL_DRY_BULB,0.171428571,0.085714286,True,True,1.918367347,3.418367347,1.264222052,0.35
RELIGIOUS,ASHRAE_901_2007,4,DIFFERENTIAL_DRY_BULB,0.171428571,0.085714286,True,True,1.734693878,3.87755102,1.264222052,0.35
RELIGIOUS,ASHRAE_901_2007,5,DIFFERENTIAL_DRY_BULB,0.171428571,0.085714286,True,True,1.551020408,4.336734694,1.264222052,0.35
RELIGIOUS,ASHRAE_901_2007,6,DIFFERENTIAL_DRY_BULB,0.171428571,0.085714286,True,True,1.367346939,4.795918367,1.264222052,0.35
RELIGIOUS,ASHRAE_901_2007,7,DIFFERENTIAL_DRY_BULB,0.171428571,0.085714286,True,True,1.183673469,5.255102041,1.264222052,0.35
RELIGIOUS,ASHRAE_901_2007,8,DIFFERENTIAL_DRY_BULB,0.171428571,0.085714286,True,True,1.0,5.714285714,1.264222052,0.35
RELIGIOUS,ASHRAE_901_2010,1,NO_ECONOMIZER,0.228571429,0.114285714,True,True,2.714285714,2.5,1.248166539,0.35
RELIGIOUS,ASHRAE_901_2010,2,NO_ECONOMIZER,0.228571429,0.114285714,True,True,2.469387755,3.112244898,1.248166539,0.35
RELIGIOUS,ASHRAE_901_2010,3,DIFFERENTIAL_DRY_BULB,0.228571429,0.114285714,True,True,2.224489796,3.724489796,1.248166539,0.35
RELIGIOUS,ASHRAE_901_2010,4,DIFFERENTIAL_DRY_BULB,0.228571429,0.114285714,True,True,1.979591837,4.336734694,1.248166539,0.35
RELIGIOUS,ASHRAE_901_2010,5,DIFFERENTIAL_DRY_BULB,0.228571429,0.114285714,True,True,1.734693878,4.948979592,1.248166539,0.35
RELIGIOUS,ASHRAE_901_2010,6,DIFFERENTIAL_DRY_BULB,0.228571429,0.114285714,True,True,1.489795918,5.56122449,1.248166539,0.35
RELIGIOUS,ASHRAE_901_2010,7,DIFFERENTIAL_DRY_BULB,0.228571429,0.114285714,True,True,1.244897959,6.173469388,1.248166539,0.35
RELIGIOUS,ASHRAE_901_2010,8,DIFFERENTIAL_DRY_BULB,0.228571429,0.114285714,True,True,1.0,6.785714286,1.248166539,0.35
RELIGIOUS,ASHRAE_901_2013,1,NO_ECONOMIZER,0.285714286,0.142857143,True,True,3.142857143,2.5,1.232111026,0.35
RELIGIOUS,ASHRAE_901_2013,2,NO_ECONOMIZER,0.285714286,0.142857143,True,True,2.836734694,3.265306122,1.232111026,0.35
RELIGIOUS,ASHRAE_901_2013,3,DIFFERENTIAL_DRY_BULB,0.285714286,0.142857143,True,True,2.530612245,4.030612245,1.232111026,0.35
RELIGIOUS,ASHRAE_901_2013,4,DIFFERENTIAL_DRY_BULB,0.285714286,0.142857143,True,True,2.224489796,4.795918367,1.232111026,0.35
RELIGIOUS,ASHRAE_901_2013,5,DIFFERENTIAL_DRY_BULB,0.285714286,0.142857143,True,True,1.918367347,5.56122449,1.232111026,0.35
RELIGIOUS,ASHRAE_901_2013,6,DIFFERENTIAL_DRY_BULB,0.285714286,0.142857143,True,True,1.612244898,6.326530612,1.232111026,0.35
RELIGIOUS,ASHRAE_901_2013,7,DIFFERENTIAL_DRY_BULB,0.285714286,0.142857143,True,True,1.306122449,7.091836735,1.232111026,0.35
RELIGIOUS,ASHRAE_901_2013,8,DIFFERENTIAL_DRY_BULB,0.285714286,0.142857143,True,True,1.0,7.857142857,1.232111026,0.35
RELIGIOUS,ASHRAE_901_2016,1,NO_ECONOMIZER,0.342857143,0.171428571,True,True,3.571428571,2.5,1.216055513,0.35
RELIGIOUS,ASHRAE_901_2016,2,NO_ECONOMIZER,0.342857143,0.171428571,True,True,3.204081633,3.418367347,1.216055513,0.35
RELIGIOUS,ASHRAE_901_2016,3,DIFFERENTIAL_DRY_BULB,0.342857143,0.171428571,True,True,2.836734694,4.336734694,1.216055513,0.35
RELIGIOUS,ASHRAE_901_2016,4,DIFFERENTIAL_DRY_BULB,0.342857143,0.171428571,True,True,2.469387755,5.255102041,1.216055513,0.35
RELIGIOUS,ASHRAE_901_2016,5,DIFFERENTIAL_DRY_BULB,0.342857143,0.171428571,True,True,2.102040816,6.173469388,1.216055513,0.35
RELIGIOUS,ASHRAE_901_2016,6,DIFFERENTIAL_DRY_BULB,0.342857143,0.171428571,True,True,1.734693878,7.091836735,1.216055513,0.35
RELIGIOUS,ASHRAE_901_2016,7,DIFFERENTIAL_DRY_BULB,0.342857143,0.171428571,True,True,1.367346939,8.010204082,1.216055513,0.35
RELIGIOUS,ASHRAE_901_2016,8,DIFFERENTIAL_DRY_BULB,0.342857143,0.171428571,True,True,1.0,8.928571429,1.216055513,0.35
RELIGIOUS,ASHRAE_901_2019,1,NO_ECONOMIZER,0.4,0.2,True,True,4.0,2.5,1.2,0.35
RELIGIOUS,ASHRAE_901_2019,2,NO_ECONOMIZER,0.4,0.2,True,True,3.571428571,3.571428571,1.2,0.35
RELIGIOUS,ASHRAE_901_2019,3,DIFFERENTIAL_DRY_BULB,0.4,0.2,True,True,3.142857143,4.642857143,1.2,0.35
RELIGIOUS,ASHRAE_901_2019,4,DIFFERENTIAL_DRY_BULB,0.4,0.2,True,True,2.714285714,5.714285714,1.2,0.35
RELIGIOUS,ASHRAE_901_2019,5,DIFFERENTIAL_DRY_BULB,0.4,0.2,True,True,2.285714286,6.785714286,1.2,0.35
RELIGIOUS,ASHRAE_901_2019,6,DIFFERENTIAL_DRY_BULB,0.4,0.2,True,True,1.857142857,7.857142857,1.2,0.35
RELIGIOUS,ASHRAE_901_2019,7,DIFFERENTIAL_DRY_BULB,0.4,0.2,True,True,1.428571429,8.928571429,1.2,0.35
RELIGIOUS,ASHRAE_901_2019,8,DIFFERENTIAL_DRY_BULB,0.4,0.2,True,True,1.0,10.0,1.2,0.35
RELIGIOUS,CBECS_1980_2004,1,NO_ECONOMIZER,0.057142857,0.028571429,False,False,1.428571429,2.5,1.296333079,0.35
RELIGIOUS,CBECS_1980_2004,2,NO_ECONOMIZER,0.057142857,0.028571429,False,False,1.367346939,2.653061224,1.296333079,0.35
RELIGIOUS,CBECS_1980_2004,3,NO_ECONOMIZER,0.057142857,0.028571429,False,False,1.306122449,2.806122449,1.296333079,0.35
RELIGIOUS,CBECS_1980_2004,4,NO_ECONOMIZER,0.057142857,0.028571429,False,False,1.244897959,2.959183673,1.296333079,0.35
RELIGIOUS,CBECS_1980_2004,5,NO_ECONOMIZER,0.057142857,0.028571429,False,False,1.183673469,3.112244898,1.296333079,0.35
RELIGIOUS,CBECS_1980_2004,6,NO_ECONOMIZER,0.057142857,0.028571429,False,False,1.12244898,3.265306122,1.296333079,0.35
RELIGIOUS,CBECS_1980_2004,7,NO_ECONOMIZER,0.057142857,0.028571429,False,False,1.06122449,3.418367347,1.296333079,0.35
RELIGIOUS,CBECS_1980_2004,8,NO_ECONOMIZER,0.057142857,0.028571429,False,False,1.0,3.571428571,1.296333079,0.35
RELIGIOUS,CBECS_PRE_1980,1,NO_ECONOMIZER,0.0,0.0,False,False,1.0,2.5,1.312388592,0.35
RELIGIOUS,CBECS_PRE_1980,2,NO_ECONOMIZER,0.0,0.0,False,False,1.0,2.5,1.312388592,0.35
RELIGIOUS,CBECS_PRE_1980,3,NO_ECONOMIZER,0.0,0.0,False,False,1.0,2.5,1.312388592,0.35
RELIGIOUS,CBECS_PRE_1980,4,NO_ECONOMIZER,0.0,0.0,False,False,1.0,2.5,1.312388592,0.35
RELIGIOUS,CBECS_PRE_1980,5,NO_ECONOMIZER,0.0,0.0,False,False,1.0,2.5,1.312388592,0.35
RELIGIOUS,CBECS_PRE_1980,6,NO_ECONOMIZER,0.0,0.0,False,False,1.0,2.5,1.312388592,0.35
RELIGIOUS,CBECS_PRE_1980,7,NO_ECONOMIZER,0.0,0.0,False,False,1.0,2.5,1.312388592,0.35
RELIGIOUS,CBECS_PRE_1980,8,NO_ECONOMIZER,0.0,0.0,False,False,1.0,2.5,1.312388592,0.35
EXHIBITION,ASHRAE_901_2004,1,NO_ECONOMIZER,0.114285714,0.057142857,False,True,1.857142857,2.5,1.404418131,0.35
EXHIBITION,ASHRAE_901_2004,2,NO_ECONOMIZER,0.114285714,0.057142857,False,True,1.734693878,2.806122449,1.404418131,0.35
EXHIBITION,ASHRAE_901_2004,3,DIFFERENTIAL_DRY_BULB,0.114285714,0.057142857,False,True,1.612244898,3.112244898,1.404418131,0.35
EXHIBITION,ASHRAE_901_2004,4,DIFFERENTIAL_DRY_BULB,0.114285714,0.057142857,False,True,1.489795918,3.418367347,1.404418131,0.35
EXHIBITION,ASHRAE_901_2004,5,DIFFERENTIAL_DRY_BULB,0.114285714,0.057142857,False,True,1.367346939,3.724489796,1.404418131,0.35
EXHIBITION,ASHRAE_901_2004,6,DIFFERENTIAL_DRY_BULB,0.114285714,0.057142857,False,True,1.244897959,4.030612245,1.404418131,0.35
EXHIBITION,ASHRAE_901_2004,7,DIFFERENTIAL_DRY_BULB,0.114285714,0.057142857,False,True,1.12244898,4.336734694,1.404418131,0.35
EXHIBITION,ASHRAE_901_2004,8,DIFFERENTIAL_DRY_BULB,0.114285714,0.057142857,False,True,1.0,4.642857143,1.404418131,0.35
EXHIBITION,ASHRAE_901_2007,1,NO_ECONOMIZER,0.171428571,0.085714286,False,True,2.285714286,2.5,1.363534505,0.35
EXHIBITION,ASHRAE_901_2007,2,NO_ECONOMIZER,0.171428571,0.085714286,False,True,2.102040816,2.959183673,1.363534505,0.35
EXHIBITION,ASHRAE_901_2007,3,DIFFERENTIAL_DRY_BULB,0.171428571,0.085714286,False,True,1.918367347,3.418367347,1.363534505,0.35
EXHIBITION,ASHRAE_901_2007,4,DIFFERENTIAL_DRY_BULB,0.171428571,0.085714286,False,True,1.734693878,3.87755102,1.363534505,0.35
EXHIBITION,ASHRAE_901_2007,5,DIFFERENTIAL_DRY_BULB,0.171428571,0.085714286,False,True,1.551020408,4.336734694,1.363534505,0.35
EXHIBITION,ASHRAE_901_2007,6,DIFFERENTIAL_DRY_BULB,0.171428571,0.085714286,False,True,1.367346939,4.795918367,1.363534505,0.35
EXHIBITION,ASHRAE_901_2007,7,DIFFERENTIAL_DRY_BULB,0.171428571,0.085714286,False,True,1.183673469,5.255102041,1.363534505,0.35
EXHIBITION,ASHRAE_901_2007,8,DIFFERENTIAL_DRY_BULB,0.171428571,0.085714286,False,True,1.0,5.714285714,1.363534505,0.35
EXHIBITION,ASHRAE_901_2010,1,NO_ECONOMIZER,0.228571429,0.114285714,False,True,2.714285714,2.5,1.322650879,0.35
EXHIBITION,ASHRAE_901_2010,2,NO_ECONOMIZER,0.228571429,0.114285714,False,True,2.469387755,3.112244898,1.322650879,0.35
EXHIBITION,ASHRAE_901_2010,3,DIFFERENTIAL_DRY_BULB,0.228571429,0.114285714,False,True,2.224489796,3.724489796,1.322650879,0.35
EXHIBITION,ASHRAE_901_2010,4,DIFFERENTIAL_DRY_BULB,0.228571429,0.114285714,False,True,1.979591837,4.336734694,1.322650879,0.35
EXHIBITION,ASHRAE_901_2010,5,DIFFERENTIAL_DRY_BULB,0.228571429,0.114285714,False,True,1.734693878,4.948979592,1.322650879,0.35
EXHIBITION,ASHRAE_901_2010,6,DIFFERENTIAL_DRY_BULB,0.228571429,0.114285714,False,True,1.489795918,5.56122449,1.322650879,0.35
EXHIBITION,ASHRAE_901_2010,7,DIFFERENTIAL_DRY_BULB,0.228571429,0.114285714,False,True,1.244897959,6.173469388,1.322650879,0.35
EXHIBITION,ASHRAE_901_2010,8,DIFFERENTIAL_DRY_BULB,0.228571429,0.114285714,False,True,1.0,6.785714286,1.322650879,0.35
EXHIBITION,ASHRAE_901_2013,1,NO_ECONOMIZER,0.285714286,0.142857143,False,True,3.142857143,2.5,1.281767252,0.35
EXHIBITION,ASHRAE_901_2013,2,NO_ECONOMIZER,0.285714286,0.142857143,False,True,2.836734694,3.265306122,1.281767252,0.35
EXHIBITION,ASHRAE_901_2013,3,DIFFERENTIAL_DRY_BULB,0.285714286,0.142857143,False,True,2.530612245,4.030612245,1.281767252,0.35
EXHIBITION,ASHRAE_901_2013,4,DIFFERENTIAL_DRY_BULB,0.285714286,0.142857143,False,True,2.224489796,4.795918367,1.281767252,0.35
EXHIBITION,ASHRAE_901_2013,5,DIFFERENTIAL_DRY_BULB,0.285714286,0.142857143,False,True,1.918367347,5.56122449,1.281767252,0.35
EXHIBITION,ASHRAE_901_2013,6,DIFFERENTIAL_DRY_BULB,0.285714286,0.142857143,False,True,1.612244898,6.326530612,1.281767252,0.35
EXHIBITION,ASHRAE_901_2013,7,DIFFERENTIAL_DRY_BULB,0.285714286,0.142857143,False,True,1.306122449,7.091836735,1.281767252,0.35
EXHIBITION,ASHRAE_901_2013,8,DIFFERENTIAL_DRY_BULB,0.285714286,0.142857143,False,True,1.0,7.857142857,1.281767252,0.35
EXHIBITION,ASHRAE_901_2016,1,NO_ECONOMIZER,0.342857143,0.171428571,False,True,3.571428571,2.5,1.240883626,0.35
EXHIBITION,ASHRAE_901_2016,2,NO_ECONOMIZER,0.342857143,0.171428571,False,True,3.204081633,3.418367347,1.240883626,0.35
EXHIBITION,ASHRAE_901_2016,3,DIFFERENTIAL_DRY_BULB,0.342857143,0.171428571,False,True,2.836734694,4.336734694,1.240883626,0.35
EXHIBITION,ASHRAE_901_2016,4,DIFFERENTIAL_DRY_BULB,0.342857143,0.171428571,False,True,2.469387755,5.255102041,1.240883626,0.35
EXHIBITION,ASHRAE_901_2016,5,DIFFERENTIAL_DRY_BULB,0.342857143,0.171428571,False,True,2.102040816,6.173469388,1.240883626,0.35
EXHIBITION,ASHRAE_901_2016,6,DIFFERENTIAL_DRY_BULB,0.342857143,0.171428571,False,True,1.734693878,7.091836735,1.240883626,0.35
EXHIBITION,ASHRAE_901_2016,7,DIFFERENTIAL_DRY_BULB,0.342857143,0.171428571,False,True,1.367346939,8.010204082,1.240883626,0.35
EXHIBITION,ASHRAE_901_2016,8,DIFFERENTIAL_DRY_BULB,0.342857143,0.171428571,False,True,1.0,8.928571429,1.240883626,0.35
EXHIBITION,ASHRAE_901_2019,1,NO_ECONOMIZER,0.4,0.2,False,True,4.0,2.5,1.2,0.35
EXHIBITION,ASHRAE_901_2019,2,NO_ECONOMIZER,0.4,0.2,False,True,3.571428571,3.571428571,1.2,0.35
EXHIBITION,ASHRAE_901_2019,3,DIFFERENTIAL_DRY_BULB,0.4,0.2,False,True,3.142857143,4.642857143,1.2,0.35
EXHIBITION,ASHRAE_901_2019,4,DIFFERENTIAL_DRY_BULB,0.4,0.2,False,True,2.714285714,5.714285714,1.2,0.35
EXHIBITION,ASHRAE_901_2019,5,DIFFERENTIAL_DRY_BULB,0.4,0.2,False,True,2.285714286,6.785714286,1.2,0.35
EXHIBITION,ASHRAE_901_2019,6,DIFFERENTIAL_DRY_BULB,0.4,0.2,False,True,1.857142857,7.857142857,1.2,0.35
EXHIBITION,ASHRAE_901_2019,7,DIFFERENTIAL_DRY_BULB,0.4,0.2,False,True,1.428571429,8.928571429,1.2,0.35
EXHIBITION,ASHRAE_901_2019,8,DIFFERENTIAL_DRY_BULB,0.4,0.2,False,True,1.0,10.0,1.2,0.35
EXHIBITION,CBECS_1980_2004,1,NO_ECONOMIZER,0.057142857,0.028571429,False,False,1.428571429,2.5,1.445301757,0.35
EXHIBITION,CBECS_1980_2004,2,NO_ECONOMIZER,0.057142857,0.028571429,False,False,1.367346939,2.653061224,1.445301757,0.35
EXHIBITION,CBECS_1980_2004,3,NO_ECONOMIZER,0.057142857,0.028571429,False,False,1.306122449,2.806122449,1.445301757,0.35
EXHIBITION,CBECS_1980_2004,4,NO_ECONOMIZER,0.057142857,0.028571429,False,False,1.244897959,2.959183673,1.445301757,0.35
EXHIBITION,CBECS_1980_2004,5,NO_ECONOMIZER,0.057142857,0.028571429,False,False,1.183673469,3.112244898,1.445301757,0.35
EXHIBITION,CBECS_1980_2004,6,NO_ECONOMIZER,0.057142857,0.028571429,False,False,1.12244898,3.265306122,1.445301757,0.35
EXHIBITION,CBECS_1980_2004,7,NO_ECONOMIZER,0.057142857,0.028571429,False,False,1.06122449,3.418367347,1.445301757,0.35
EXHIBITION,CBECS_1980_2004,8,NO_ECONOMIZER,0.057142857,0.028571429,False,False,1.0,3.571428571,1.445301757,0.35
EXHIBITION,CBECS_PRE_1980,1,NO_ECONOMIZER,0.0,0.0,False,False,1.0,2.5,1.486185383,0.35
EXHIBITION,CBECS_PRE_1980,2,NO_ECONOMIZER,0.0,0.0,False,False,1.0,2.5,1.486185383,0.35
EXHIBITION,CBECS_PRE_1980,3,NO_ECONOMIZER,0.0,0.0,False,False,1.0,2.5,1.486185383,0.35
EXHIBITION,CBECS_PRE_1980,4,NO_ECONOMIZER,0.0,0.0,False,False,1.0,2.5,1.486185383,0.35
EXHIBITION,CBECS_PRE_1980,5,NO_ECONOMIZER,0.0,0.0,False,False,1.0,2.5,1.486185383,0.35
EXHIBITION,CBECS_PRE_1980,6,NO_ECONOMIZER,0.0,0.0,False,False,1.0,2.5,1.486185383,0.35
EXHIBITION,CBECS_PRE_1980,7,NO_ECONOMIZER,0.0,0.0,False,False,1.0,2.5,1.486185383,0.35
EXHIBITION,CBECS_PRE_1980,8,NO_ECONOMIZER,0.0,0.0,False,False,1.0,2.5,1.486185383,0.35
